,Symbol,Company Name,Industry Code,Industry Name,Lot Size,Active,Year End,IDX WT %,FF BASED SHARES,ORD SHARES
0,786,786 Investments Limited,813.0,INV. BANKS / INV. COS. / SECURITIES COS.,500.0,1.0,6.0,0.0008340747725316153,5240813,14973750
1,AABS,Al-Abbas Sugar Mills Limited,826.0,SUGAR & ALLIED INDUSTRIES,1.0,1.0,9.0,0.08346403051522053,1736230,17362300
2,AAL,,,,,,,0.00014445403962642857,0,1183200
3,AASM,Al-Abid Silk Mills Limited,827.0,SYNTHETIC & RAYON,500.0,1.0,6.0,0.00035710109227535963,2681910,13409550
4,AATM,Ali Asghar Textile Mills Limited,830.0,TEXTILE SPINNING,500.0,1.0,6.0,0.02294669051504348,926222,44426694
5,ABL,Allied Bank Limited,807.0,COMMERCIAL BANKS,500.0,1.0,12.0,1.310618506069396,114507383,1145073830
6,ABOT,Abbott Laboratories (Pakistan) Limited,823.0,PHARMACEUTICALS,1.0,1.0,12.0,0.8356827793734682,21103498,97900302
7,ABSON,,,,,,,5.913617769105083e-05,1395000,3100000
8,ACPL,Attock Cement Pakistan Limited,804.0,CEMENT,1.0,1.0,6.0,0.2178430042814397,27485392,137426961
9,ADAMS,Adam Sugar Mills Limited,826.0,SUGAR & ALLIED INDUSTRIES,500.0,1.0,6.0,0.00798624323576025,4322741,17291008
10,ADMM,Artistic Denim Mills Limited,829.0,TEXTILE COMPOSITE,500.0,1.0,6.0,0.02942005763943427,8400000,84000000
11,AGHA,Agha Steel Ind.Ltd,808.0,ENGINEERING,1.0,1.0,6.0,0.04721671080123815,302439529,604879058
12,AGIC,Askari General Insurance Company Limited,812.0,INSURANCE,500.0,1.0,12.0,0.014187975270895983,28760758,71901898
13,AGIL,Agriauto Industries Limited,802.0,AUTOMOBILE PARTS & ACCESSORIES,500.0,1.0,6.0,0.029741453227091954,21600000,36000000
14,AGL,Agritech Limited,805.0,CHEMICAL,1.0,1.0,12.0,0.12264322667165045,233554815,424645119
15,AGLNCPS,,,,,,,0.024920498245290298,89070470,148450783
16,AGP,AGP Limited,823.0,PHARMACEUTICALS,1.0,1.0,12.0,0.3409265502922677,84000000,280000000
17,AGSML,Abdullah Shah Ghazi Sugar Mills Limited,826.0,SUGAR & ALLIED INDUSTRIES,500.0,1.0,9.0,0.004112669810581212,19815417,79261700
18,AGTL,,,,,,,0.18773184110505528,3649876,57964201
19,AHCL,Arif Habib Corporation Limited,809.0,FERTILIZER,500.0,1.0,6.0,0.22630409671028082,40837500,421696747
20,AHL,Arif Habib Limited,813.0,INV. BANKS / INV. COS. / SECURITIES COS.,500.0,1.0,6.0,0.022181610936945394,16335000,65340000
21,AHTM,Ahmad Hassan Textile Mills Limited,829.0,TEXTILE COMPOSITE,500.0,1.0,6.0,0.003555300767635819,1270730,8471535
22,AICL,Adamjee Insurance Company Limited,812.0,INSURANCE,500.0,1.0,12.0,0.11077922938305497,262500000,350000000
23,AIRLINK,Air Link Communication Limited,828.0,TECHNOLOGY & COMMUNICATION,1.0,1.0,6.0,0.4297025993015598,98817308,395269231
24,AKBL,Askari Bank Limited,807.0,COMMERCIAL BANKS,500.0,1.0,12.0,0.43726656131703523,434789762,1449299207
25,AKDHL,AKD Hospitality Limited,818.0,MISCELLANEOUS,1.0,1.0,6.0,0.0027909298858847047,1002909,2507273
26,AKDSL,AKD Securities Limited,813.0,INV. BANKS / INV. COS. / SECURITIES COS.,500.0,1.0,6.0,0.0787885450305691,27891709,557834171
27,AKGL,Al-Khair Gadoon Limited,818.0,MISCELLANEOUS,500.0,1.0,6.0,0.002899580325496686,1000000,10000000
28,ALAC,Askari Life Assurance Company Limited,812.0,INSURANCE,500.0,1.0,12.0,0.006073183766693285,52560205,150172014
29,ALIFE,Adamjee Life Assurance Company Limited,812.0,INSURANCE,500.0,1.0,12.0,0.05709502575139198,25000000,250000000
30,ALNRS,Al-Noor Sugar Mills Limited,826.0,SUGAR & ALLIED INDUSTRIES,500.0,1.0,9.0,0.012494800468085227,6142111,20473702
31,ALTN,Altern Energy Limited,824.0,POWER GENERATION & DISTRIBUTION,500.0,1.0,6.0,0.04993744071370666,90845000,363380000
32,AMBL,Apna Microfinance Bank Limited,813.0,INV. BANKS / INV. COS. / SECURITIES COS.,500.0,1.0,12.0,0.03273358830918799,21449248,428984962
33,AMSL,,,,,,,2.365447107642033e-05,1250000,5000000
34,AMTEX,Amtex Limited,830.0,TEXTILE SPINNING,500.0,1.0,6.0,0.006493006106922552,116743560,259430134
35,ANL,Azgard Nine Limited,829.0,TEXTILE COMPOSITE,1.0,1.0,6.0,0.03070538566627226,242704866,485409731
36,ANLNV,,,,,,,0.0003186429397499459,1789682,5965608
37,ANLPS,,,,,,,0.004944744470917439,0,66125083
38,ANNT,,,,,,,0.00015130095599756563,784080,1742400
39,ANSM,Ansari Sugar Mills Limited,826.0,SUGAR & ALLIED INDUSTRIES,500.0,1.0,9.0,0.002488709619170072,25261450,56136657
40,ANTM,AN Textile Mills Limited,829.0,TEXTILE COMPOSITE,500.0,1.0,6.0,0.0009788739003691507,1449000,9660000
41,APL,Attock Petroleum Limited,821.0,OIL & GAS MARKETING COMPANIES,1.0,1.0,6.0,0.4867523319252137,24883200,124416000
42,APOT,,,,,,,0.001866142000474746,131400,8284700
43,ARCTM,Arctic Textile Mills Limited,830.0,TEXTILE SPINNING,500.0,1.0,6.0,0.0021111294955774434,2551500,13174800
44,ARPAK,Arpak International Investments Ltd.,818.0,MISCELLANEOUS,500.0,1.0,6.0,0.001914333452791075,351556,4000000
45,ARPL,Archroma Pakistan Limited,805.0,CHEMICAL,1.0,1.0,9.0,0.11339273148959689,8640835,34563341
46,ARUJ,Aruj Industries Limited,829.0,TEXTILE COMPOSITE,500.0,1.0,6.0,0.0008945430166611519,2402167,10457890
47,ASC,Al Shaheer Corporation Limited,810.0,FOOD & PERSONAL CARE PRODUCTS,1.0,1.0,6.0,0.02317284048092556,371734105,374923537
48,ASHT,Ashfaq Textile Mills Limited,831.0,TEXTILE WEAVING,500.0,1.0,6.0,0.004736326476394002,2328252,46565035
49,ASIC,Asia Insurance Company Limited,812.0,INSURANCE,500.0,1.0,12.0,0.009548480426663796,21902473,73008243
50,ASL,Aisha Steel Mills Limited,808.0,ENGINEERING,1.0,1.0,6.0,0.06118132047595007,325505584,924800809
51,ASLCPS,,,,,,,2.3584173040571028e-05,118972,137920
52,ASLPS,,,,,,,0.0034625009820773724,4435706,44357057
53,ASTL,Amreli Steels Limited,808.0,ENGINEERING,1.0,1.0,6.0,0.05219376718098394,74252857,297011427
54,ASTM,Asim Textile Mills Limited,830.0,TEXTILE SPINNING,500.0,1.0,6.0,0.0016699472085602931,2276550,15177000
55,ATBA,Atlas Battery Limited,802.0,AUTOMOBILE PARTS & ACCESSORIES,1.0,1.0,6.0,0.09894556792113549,7003407,35017034
56,ATIL,Atlas Insurance Limited,812.0,INSURANCE,500.0,1.0,6.0,0.06498641969161384,29883135,149415691
57,ATLH,,,,,,,0.8094145761800757,12408794,124087935
58,ATRL,Attock Refinery Limited,825.0,REFINERY,1.0,1.0,6.0,0.4161707272686064,42646500,106616250
59,AVN,,,,,,,0.17423849944126968,124506849,415022831
60,AWTX,Allawasaya Tex. & Finishing Mills Ltd,830.0,TEXTILE SPINNING,1.0,1.0,6.0,0.007920676748515727,2851,800000
61,AZMT,,,,,,,7.212706059673006e-05,427500,950000
62,BAFL,Bank Alfalah Limited,807.0,COMMERCIAL BANKS,1.0,1.0,12.0,1.0010312311240512,709724304,1577165119
63,BAFS,Baba Farid Sugar Mills Limited,826.0,SUGAR & ALLIED INDUSTRIES,500.0,1.0,9.0,0.0032015945078207883,472500,9450000
64,BAHL,Bank AL Habib Limited,807.0,COMMERCIAL BANKS,1.0,1.0,12.0,1.1487960776408526,777997791,1111425419
65,BAPL,Bawany Air Products Limited,805.0,CHEMICAL,500.0,1.0,6.0,0.0018021579594980806,4501506,7502510
66,BATA,Bata Pakistan Limited,816.0,LEATHER & TANNERIES,1.0,1.0,12.0,0.10181647398745389,1786364,7560000
67,BBFL,,,,,,,0.13404220403200057,104617025,298905786
68,BCL,Bolan Castings Limited,808.0,ENGINEERING,500.0,1.0,6.0,0.01040072725420535,6309891,11472529
69,BECO,Beco Steel Limited,808.0,ENGINEERING,500.0,1.0,3.0,0.005959520319419126,24992502,124962510
70,BELA,,,,,,,0.006127789928515717,870000,5800000
71,BERG,Berger Paints Pakistan Limited,805.0,CHEMICAL,500.0,1.0,6.0,0.020712393930303233,9820646,24551652
72,BFBIO,,,,,,,0.13361202653440155,26500000,88333334
73,BFMOD,B.F. Modaraba,819.0,MODARABAS,500.0,1.0,6.0,0.0004730898297587946,2254547,7515158
74,BGL,Baluchistan Glass Limited,811.0,GLASS & CERAMICS,500.0,1.0,6.0,0.024272966820797857,39240000,261600000
75,BHAT,Bhanero Textile Mills Limited,829.0,TEXTILE COMPOSITE,1.0,1.0,6.0,0.019071830349665603,152048,3040964
76,BIFO,Biafo Industries Limited,805.0,CHEMICAL,1.0,1.0,6.0,0.06742920418258244,13914806,46382688
77,BIIC,,,,,,,0.0002349862138089572,3849469,8554376
78,BILF,Bilal Fibres Limited,830.0,TEXTILE SPINNING,500.0,1.0,9.0,0.0017461806853358898,11925865,14100000
79,BIPL,BankIslami Pakistan Limited,807.0,COMMERCIAL BANKS,1.0,1.0,12.0,0.19398624755413907,166305495,1108703299
80,BML,Bank Makramah Limited,807.0,COMMERCIAL BANKS,500.0,1.0,3.0,0.14300183998934493,993333086,6622220576
81,BNL,Bunnys Limited,810.0,FOOD & PERSONAL CARE PRODUCTS,500.0,1.0,6.0,0.007814558012834833,33402635,66805269
82,BNWM,Bannu Woollen Mills Limited,835.0,WOOLLEN,500.0,1.0,6.0,0.0026947569281124844,4753125,9506250
83,BOK,The Bank of Khyber,807.0,COMMERCIAL BANKS,500.0,1.0,12.0,0.13431490182721192,57902734,1158054673
84,BOP,The Bank of Punjab,807.0,COMMERCIAL BANKS,1.0,1.0,12.0,0.2249222738372306,1381780202,3271569319
85,BPL,,,,,,,0.004828851546250622,6746667,22488900
86,BRRG,,,,,,,0.01076565386861734,47504245,95008489
87,BTL,Blessed Textiles Limited,829.0,TEXTILE COMPOSITE,1.0,1.0,6.0,0.011288218816649414,964800,6432000
88,BUXL,Buxly Paints Limited,805.0,CHEMICAL,1.0,1.0,6.0,0.002130660458212026,576000,1440000
89,BWCL,Bestway Cement Limited,804.0,CEMENT,1.0,1.0,6.0,1.5593613265921082,29812639,596252783
90,BWHL,Baluchistan Wheels Limited,802.0,AUTOMOBILE PARTS & ACCESSORIES,1.0,1.0,6.0,0.014553841551998839,7333838,13334250
91,CASH,Calcorp Limited,813.0,INV. BANKS / INV. COS. / SECURITIES COS.,500.0,1.0,9.0,0.0017216843668948086,1611662,10744413
92,CCM,Crescent Cotton Mills Limited,830.0,TEXTILE SPINNING,500.0,1.0,6.0,0.010428050820956785,10197057,22660123
93,CENI,Century Insurance Company Limited,812.0,INSURANCE,500.0,1.0,12.0,0.016029693138973813,13831621,55326483
94,CEPB,,,,,,,0.09511502569854818,140599524,401712926
95,CFL,Crescent Fibres Limited,830.0,TEXTILE SPINNING,500.0,1.0,6.0,0.0041663459848171255,3725363,12417876
96,CHAS,Chashma Sugar Mills Limited,826.0,SUGAR & ALLIED INDUSTRIES,500.0,1.0,9.0,0.01383222330161146,4303800,28692000
97,CHBL,Chenab Limited,829.0,TEXTILE COMPOSITE,500.0,1.0,3.0,0.007450013817891288,38259738,115000000
98,CHCC,Cherat Cement Company Limited,804.0,CEMENT,1.0,1.0,6.0,0.4435236490513871,116577023,194295038
99,CJPL,Crescent Jute Products Limited,814.0,JUTE,500.0,1.0,6.0,0.0009283918723822495,10693561,23763468
100,CLCPS,,,,,,,0.002136532871418611,78285961,80000000
101,CLOV,Clover Pakistan Limited,810.0,FOOD & PERSONAL CARE PRODUCTS,500.0,1.0,6.0,0.01040847076438314,17128682,31143059
102,CLVL,Cordoba Logistics & Ventures Limited,833.0,TRANSPORT,500.0,1.0,6.0,0.0087426286275121,14421040,72105200
103,CNERGY,Cnergyico PK  Limited,825.0,REFINERY,1.0,1.0,6.0,0.23976873967691997,1648034271,5493447571
104,COLG,Colgate-Palmolive (Pakistan) Limited,810.0,FOOD & PERSONAL CARE PRODUCTS,1.0,1.0,6.0,2.85103372925154,24277327,242773288
105,CPHL,Citi Pharma Ltd.,823.0,PHARMACEUTICALS,1.0,1.0,6.0,0.08259600799800168,79961420,228461200
106,CPPL,Cherat Packaging Limited,822.0,"PAPER, BOARD & PACKAGING",1.0,1.0,6.0,0.0514055168441487,29457236,49095396
107,CRTM,The Crescent Textile Mills Limited,829.0,TEXTILE COMPOSITE,500.0,1.0,6.0,0.010644511984389149,60000000,100000000
108,CSAP,Crescent Steel & Allied Products Limited,808.0,ENGINEERING,500.0,1.0,6.0,0.06071228274911019,34934621,77632491
109,CSIL,Crescent Star Insurance Limited,812.0,INSURANCE,500.0,1.0,12.0,0.002695386800741793,106198638,107695041
110,CTM,Colony Textile Mills Limited,830.0,TEXTILE SPINNING,500.0,1.0,6.0,0.02029228102312955,49800996,498010000
111,CWSM,Chakwal Spinning Mills Limited,830.0,TEXTILE SPINNING,500.0,1.0,6.0,0.06909391168345544,26591521,121576200
112,CYAN,Cyan Limited,813.0,INV. BANKS / INV. COS. / SECURITIES COS.,500.0,1.0,12.0,0.01339653132995695,12311822,61558963
113,DAAG,Data Agro Limited,805.0,CHEMICAL,500.0,1.0,6.0,0.0023471339687441595,800000,4000000
114,DADX,Dadex Eternit Limited,808.0,ENGINEERING,500.0,1.0,6.0,0.004763796821503913,538200,10764000
115,DAWH,Dawood Hercules Corporation Limited,813.0,INV. BANKS / INV. COS. / SECURITIES COS.,1.0,1.0,12.0,0.6351133448366495,336900981,481287116
116,DBCI,,,,,,,0.003942855029932284,29280889,98236644
117,DBSL,,,,,,,0.00021365328714186108,114000,4000000
118,DCL,Dewan Cement Limited,804.0,CEMENT,500.0,1.0,6.0,0.03413269433679114,121028336,484113343
119,DCR,,,,,,,0.3658276272553645,555925000,2223700000
120,DCTL,,,,,,,1.4179253010660425e-06,0,2322800
121,DEL,Dawood Equities Limited,813.0,INV. BANKS / INV. COS. / SECURITIES COS.,500.0,1.0,6.0,0.0019305100588175304,12375000,27500000
122,DFML,Dewan Farooque Motors Limited,801.0,AUTOMOBILE ASSEMBLER,1.0,1.0,6.0,0.041751804469687834,55494097,138735242
123,DFSM,Dewan Farooque Spinning Mills Limited,830.0,TEXTILE SPINNING,500.0,1.0,6.0,0.003095420368256216,34212754,97750726
124,DGKC,D.G. Khan Cement Company Limited,804.0,CEMENT,1.0,1.0,6.0,0.2985683863292648,219059559,438119097
125,DIIL,Diamond Industries Limited,818.0,MISCELLANEOUS,500.0,1.0,6.0,0.0013460157089937247,1350000,9000000
126,DINT,Din Textile Mills Limited,830.0,TEXTILE SPINNING,500.0,1.0,6.0,0.021934968304164342,7870012,52466750
127,DKTM,,,,,,,6.893457275505472e-05,1922152,9610759
128,DLL,Dawood Lawrencepur Limited,813.0,INV. BANKS / INV. COS. / SECURITIES COS.,1.0,1.0,12.0,0.09420299431205462,5929981,59299809
129,DMTM,,,,,,,0.00035198235797882115,1156103,11561028
130,DMTX,D.M. Textile Mills Limited,830.0,TEXTILE SPINNING,500.0,1.0,6.0,0.0010630131286850613,915729,3052400
131,DNCC,Dandot Cement Company Limited,804.0,CEMENT,500.0,1.0,6.0,0.028363792421713177,94906540,316355132
132,DOL,Descon Oxychem Limited,805.0,CHEMICAL,500.0,1.0,6.0,0.03276153774943702,52509325,175031084
133,DSFL,Dewan Salman Fibre Limited,827.0,SYNTHETIC & RAYON,500.0,1.0,6.0,0.00245977926730244,146528433,366321085
134,DSIL,D.S. Industries Limited,830.0,TEXTILE SPINNING,500.0,1.0,6.0,0.003780281574506061,66948505,83685631
135,DSL,Dost Steels Limited,808.0,ENGINEERING,500.0,1.0,6.0,0.023481208888578443,333521683,444695577
136,DSML,,,,,,,0.0826542540350547,11225000,224500000
137,DWAE,Dewan Automotive Engineering Limited,802.0,AUTOMOBILE PARTS & ACCESSORIES,500.0,1.0,6.0,0.006613332284494678,3210000,21400000
138,DWSM,Dewan Sugar Mills Limited,826.0,SUGAR & ALLIED INDUSTRIES,500.0,1.0,9.0,0.0045388195133588575,18302398,91511992
139,DWTM,Dewan Textile Mills Limited,830.0,TEXTILE SPINNING,500.0,1.0,6.0,0.0024147694560319216,2303230,46064609
140,DYNO,Dynea Pakistan Limited,805.0,CHEMICAL,1.0,1.0,6.0,0.03262009589671152,12267068,18872400
141,ECOP,Ecopack Limited,818.0,MISCELLANEOUS,500.0,1.0,6.0,0.008775031413003093,38606734,48258419
142,EFERT,Engro Fertilizers Limited,809.0,FERTILIZER,1.0,1.0,12.0,2.0541978153468556,600884719,1335299375
143,EFUG,EFU General Insurance Limited,812.0,INSURANCE,500.0,1.0,12.0,0.20945652614443167,50000000,200000000
144,EFUL,EFU Life Assurance Limited,812.0,INSURANCE,1.0,1.0,12.0,0.14024201767991762,10500000,105000000
145,ELCM,Elahi Cotton Mills Limited,830.0,TEXTILE SPINNING,500.0,1.0,6.0,0.000845647340982027,260000,1300000
146,ELSM,Ellcot Spinning Mills Limited,830.0,TEXTILE SPINNING,500.0,1.0,6.0,0.007937601141047178,3285000,10950000
147,EMCO,Emco Industries Limited,803.0,CABLE & ELECTRICAL GOODS,500.0,1.0,6.0,0.008546050175337737,10500000,34999667
148,ENGL,,,,,,,3.9678467612059915e-05,2400000,8000000
149,ENGRO,Engro Corporation Limited,809.0,FERTILIZER,1.0,1.0,12.0,1.4662763518241273,268313234,536626468
150,EPCL,Engro Polymer & Chemicals Limited,805.0,CHEMICAL,1.0,1.0,12.0,0.2576544324759859,227230833,908923333
151,EPCLPS,,,,,,,0.025203457408198824,300000000,300000000
152,EPQL,Engro Powergen Qadirpur Limited,824.0,POWER GENERATION & DISTRIBUTION,500.0,1.0,12.0,0.06722904372805381,97140000,323800000
153,ESBL,Escorts Investment Bank Limited,813.0,INV. BANKS / INV. COS. / SECURITIES COS.,500.0,1.0,6.0,0.0072428464341090905,20340000,135600000
154,EWIC,,,,,,,0.06113779493695675,60682529,222502606
155,EXIDE,Exide Pakistan Limited,802.0,AUTOMOBILE PARTS & ACCESSORIES,1.0,1.0,3.0,0.049991712495315525,1942155,7768618
156,FABL,Faysal Bank Limited,807.0,COMMERCIAL BANKS,1.0,1.0,12.0,0.5584235095436713,379424131,1517696526
157,FAEL,,,,,,,0.0015528267496148678,6403950,14231000
158,FANM,First Al-Noor Modaraba,819.0,MODARABAS,500.0,1.0,6.0,0.0005816710742437167,12705000,23100000
159,FASM,Faisal Spinning Mills Limited,829.0,TEXTILE COMPOSITE,1.0,1.0,6.0,0.01768896608043794,1000000,10000000
160,FATIMA,Fatima Fertilizer Company Limited,809.0,FERTILIZER,1.0,1.0,12.0,1.1614192689031568,315000000,2100000000
161,FCCL,Fauji Cement Company Limited,804.0,CEMENT,1.0,1.0,6.0,0.721329603719027,858496527,2452847220
162,FCEL,First Capital Equities Limited,813.0,INV. BANKS / INV. COS. / SECURITIES COS.,500.0,1.0,6.0,0.006794278687088664,42400650,141335500
163,FCEPL,Frieslandcampina Engro Pakistan Limited,810.0,FOOD & PERSONAL CARE PRODUCTS,1.0,1.0,12.0,0.4904798902263935,76659608,766596075
164,FCIBL,First Credit and Investment Bank Limited,813.0,INV. BANKS / INV. COS. / SECURITIES COS.,500.0,1.0,6.0,0.003952967335851469,26000000,65000000
165,FCL,,,,,,,0.11041243659233589,157213500,628854000
166,FCONM,,,,,,,5.868121064655678e-05,2261875,6462500
167,FCSC,First Capital Securities Corporation,813.0,INV. BANKS / INV. COS. / SECURITIES COS.,500.0,1.0,6.0,0.005773966158248187,174135562,316610115
168,FDPL,First Dawood Properties Limited,813.0,INV. BANKS / INV. COS. / SECURITIES COS.,500.0,1.0,6.0,0.0029552672237052363,133551021,148390023
169,FECM,First Elite Capital Modaraba,819.0,MODARABAS,500.0,1.0,6.0,0.0005589810951492512,7938000,11340000
170,FECTC,Fecto Cement Limited,804.0,CEMENT,500.0,1.0,6.0,0.032762938013852154,12540000,50160000
171,FEM,First Equity Modaraba,819.0,MODARABAS,500.0,1.0,9.0,0.0011604120462637736,36708000,52440000
172,FEROZ,Ferozsons Laboratories Limited,823.0,PHARMACEUTICALS,1.0,1.0,6.0,0.12043976961273266,17387621,43469051
173,FFBL,Fauji Fertilizer Bin Qasim Limited,809.0,FERTILIZER,1.0,1.0,12.0,0.7630064116332276,451938500,1291252857
174,FFC,Fauji Fertilizer Company Limited,809.0,FERTILIZER,1.0,1.0,12.0,3.2277400350312107,699731036,1272238147
175,FFL,Fauji Foods Limited,810.0,FOOD & PERSONAL CARE PRODUCTS,1.0,1.0,12.0,0.261892368523015,503992628,2519963139
176,FFLM,First Fidelity Leasing Modaraba,819.0,MODARABAS,500.0,1.0,6.0,0.0004555026812206105,17168973,26413804
177,FHAM,,,,,,,0.0150025283344221,99747450,110830500
178,FIBLM,First IBL Modaraba,819.0,MODARABAS,500.0,1.0,6.0,0.0005543778206206616,16265625,21687500
179,FIL,Fateh Industries Limited,816.0,LEATHER & TANNERIES,1.0,0.0,6.0,0.002044051519984348,48581,2000000
180,FIM,,,,,,,4.5782847244684515e-06,1350000,3000000
181,FIMM,First Imrooz Modaraba,819.0,MODARABAS,1.0,1.0,6.0,0.004938824646520342,600000,3000000
182,FLYNG,Flying Cement Company Limited,804.0,CEMENT,500.0,1.0,6.0,0.15141522998428839,277920000,694800000
183,FML,Feroze1888 Mills Limited,829.0,TEXTILE COMPOSITE,500.0,1.0,6.0,0.21126520562268192,39940903,399409026
184,FNBM,,,,,,,0.00012208759265249205,17500000,25000000
185,FNEL,,,,,,,0.008198876606052672,187100432,267286331
186,FPJM,First Punjab Modaraba,819.0,MODARABAS,500.0,1.0,12.0,0.0009708619021013309,13608000,34020000
187,FPRM,,,,,,,0.0008816780056056688,6204787,13788418
188,FRCL,Frontier Ceramics Limited,811.0,GLASS & CERAMICS,500.0,1.0,6.0,0.004814660480197106,1893691,37873821
189,FRSM,Faran Sugar Mills Limited,826.0,SUGAR & ALLIED INDUSTRIES,500.0,1.0,9.0,0.008987453807923413,6251739,25007151
190,FSWL,Fateh Sports Wear Limited,829.0,TEXTILE COMPOSITE,500.0,1.0,6.0,0.0017087684686624418,88570,2000000
191,FTHM,,,,,,,0.0007058188950222196,875000,1250000
192,FTMM,First Treet Manufacturing Modaraba,819.0,MODARABAS,500.0,1.0,6.0,0.0344527093980111,44179514,883590287
193,FTSM,First Tri-Star Modaraba,819.0,MODARABAS,500.0,1.0,6.0,0.0022301013078701143,8465242,21163104
194,FZCM,Fazal Cloth Mills Limited,829.0,TEXTILE COMPOSITE,1.0,1.0,6.0,0.03319256425239627,3000000,30000000
195,GADT,Gadoon Textile Mills Limited,830.0,TEXTILE SPINNING,1.0,1.0,6.0,0.045158416170938236,8408875,28029583
196,GAL,Ghandhara Automobiles Limited,801.0,AUTOMOBILE ASSEMBLER,1.0,1.0,3.0,0.1088825667739673,22801000,57002500
197,GAMON,Gammon Pakistan Limited,818.0,MISCELLANEOUS,500.0,1.0,6.0,0.012727557452110426,3648076,28266231
198,GATI,Gatron (Industries) Limited,827.0,SYNTHETIC & RAYON,1.0,1.0,6.0,0.14518937319697453,10872896,108728960
199,GATM,Gul Ahmed Textile Mills Limited,829.0,TEXTILE COMPOSITE,1.0,1.0,6.0,0.1342857754027468,185014865,740059458
200,GCIL,Ghani Chemical Industries Limited,805.0,CHEMICAL,500.0,1.0,6.0,0.05599057205395853,125046993,500187971
201,GEMBCEM,,,,,,,0.007248950813741715,25000000,100000000
202,GEMBLUEX,,,,,,,0.011058985940965738,10971372,27428430
203,GEMMEL,,,,,,,0.03184363767378997,19410319,194103187
204,GEMPAPL,Pak Agro Packaging Limited(GEM),822.0,"PAPER, BOARD & PACKAGING",500.0,1.0,6.0,0.0012590282992288242,8000000,20000000
205,GEMSPNL,Supernet Limited,828.0,TECHNOLOGY & COMMUNICATION,500.0,1.0,6.0,0.013480100113534286,24688891,135788901
206,GFIL,Ghazi Fabrics International Limited,829.0,TEXTILE COMPOSITE,500.0,1.0,6.0,0.002365738591769491,3263560,32635600
207,GGGL,Ghani Global Glass Limited,811.0,GLASS & CERAMICS,500.0,1.0,6.0,0.012727631534022295,120000000,240000000
208,GGL,Ghani Global Holdings Limited,805.0,CHEMICAL,1.0,1.0,6.0,0.03212797513389308,177059795,354119590
209,GHGL,Ghani Glass Limited,811.0,GLASS & CERAMICS,500.0,1.0,6.0,0.21290581446744714,349900193,999714838
210,GHNI,Ghandhara Industries Limited,801.0,AUTOMOBILE ASSEMBLER,1.0,1.0,6.0,0.13063225474348333,14913095,42608844
211,GIL,Good Luck Industries Ltd.,810.0,FOOD & PERSONAL CARE PRODUCTS,1.0,0.0,6.0,0.002394900739369447,116,300000
212,GLAXO,GlaxoSmithKline Pakistan Limited,823.0,PHARMACEUTICALS,500.0,1.0,12.0,0.9087196120393366,63693456,318467278
213,GLOT,,,,,,,0.0010865310409738625,7365188,16367085
214,GLPL,Gillette Pakistan Limited,810.0,FOOD & PERSONAL CARE PRODUCTS,1.0,1.0,6.0,0.03841806460653782,3187200,31872000
215,GOC,GOC (Pak) Limited.,818.0,MISCELLANEOUS,500.0,1.0,6.0,0.003302874979124125,1102401,7348950
216,GRR,Globe Residency REIT,836.0,REAL ESTATE INVESTMENT TRUST,500.0,1.0,6.0,0.01479549013457388,42000000,140000000
217,GRYL,Grays Leasing Limited,815.0,LEASING COMPANIES,500.0,1.0,6.0,0.0008038704928712523,2150000,21500000
218,GSPM,Gulshan Spinning Mills Limited,830.0,TEXTILE SPINNING,500.0,1.0,3.0,0.0007648400156872504,20632740,22225038
219,GTYR,,,,,,,0.04128226165472622,48773340,121933350
220,GUSM,Gulistan Spinning Mills Limited,830.0,TEXTILE SPINNING,500.0,1.0,3.0,0.0010657875997499874,11712800,14641000
221,GUTM,Gulistan Textile Mills Limited,830.0,TEXTILE SPINNING,500.0,1.0,3.0,0.002172839279721609,5695170,18983872
222,GVGL,Ghani Value Glass Limited,811.0,GLASS & CERAMICS,500.0,1.0,6.0,0.04919758878818328,29376188,149942178
223,GWLC,Gharibwal Cement Limited,804.0,CEMENT,500.0,1.0,6.0,0.12458409185098256,40027396,400273960
224,HABSM,Habib Sugar Mills Limited,826.0,SUGAR & ALLIED INDUSTRIES,500.0,1.0,9.0,0.07785602088194825,40500000,135000000
225,HADC,,,,,,,0.0008062664618770575,5882415,6400000
226,HAEL,Hala Enterprises Limited,829.0,TEXTILE COMPOSITE,500.0,1.0,3.0,0.0016551133658293633,1599557,12996304
227,HAFL,Hafiz Limited,829.0,TEXTILE COMPOSITE,1.0,1.0,6.0,0.0025987259753027826,40448,1200000
228,HAJT,,,,,,,7.554169795372945e-05,1987705,13750000
229,HALEON,Haleon Pakistan Limited,823.0,PHARMACEUTICALS,1.0,1.0,9.0,0.7591059767422248,15700898,117054508
230,HASCOL,Hascol Petroleum Limited,821.0,OIL & GAS MARKETING COMPANIES,500.0,1.0,12.0,0.10284458866163289,599472408,999120680
231,HATM,Hamid Textile Mills Limited,829.0,TEXTILE COMPOSITE,500.0,0.0,6.0,9.823054773796306e-05,5972220,13271600
232,HBL,,,,,,,2.0420109140777845,586741003,1466852508
233,HCAR,Honda Atlas Cars (Pakistan) Limited,801.0,AUTOMOBILE ASSEMBLER,1.0,1.0,3.0,0.2939063758179484,28560000,142800000
234,HCL,Hallmark Company Limited,828.0,TECHNOLOGY & COMMUNICATION,1.0,1.0,6.0,0.0026963426361029906,50000,500000
235,HGFA,,,,,,,0.0202911868130804,265087501,283500000
236,HICL,Habib Insurance Company Limited,812.0,INSURANCE,500.0,1.0,12.0,0.006711084466337968,68131115,123874755
237,HIFA,,,,,,,0.006894267280899874,241506250,284125000
238,HINO,Hinopak Motors Limited,801.0,AUTOMOBILE ASSEMBLER,1.0,1.0,3.0,0.06063009355731375,2548886,24801120
239,HINOON,Highnoon Laboratories Limited,823.0,PHARMACEUTICALS,1.0,1.0,12.0,0.3763195801234996,21193345,52983368
240,HIRAT,Hira Textile Mills Limited,830.0,TEXTILE SPINNING,500.0,1.0,6.0,0.002332026068668747,43288960,86577920
241,HKKT,,,,,,,2.0582442026302002e-05,2427660,5394800
242,HMB,Habib Metropolitan Bank Limited,807.0,COMMERCIAL BANKS,500.0,1.0,9.0,0.7035997259428383,471524166,1047831480
243,HMIM,Haji Mohammad Ismail Mills Limited,830.0,TEXTILE SPINNING,500.0,1.0,6.0,0.0007995333311422725,5987520,11975040
244,HPL,Hoechst Pakistan Limited,823.0,PHARMACEUTICALS,1.0,1.0,6.0,0.19708580547876967,964476,9644800
245,HRPL,Habib Rice Product Limited.,826.0,SUGAR & ALLIED INDUSTRIES,500.0,1.0,6.0,0.009904355953933417,8000000,40000000
246,HSPI,,,,,,,0.0037299032547403956,8322645,55484300
247,HTL,Hi-Tech Lubricants Limited,821.0,OIL & GAS MARKETING COMPANIES,500.0,1.0,6.0,0.05445892644431401,34801200,139204800
248,HUBC,The Hub Power Company Limited,824.0,POWER GENERATION & DISTRIBUTION,1.0,1.0,6.0,1.0817418871392808,972865790,1297154400
249,HUMNL,Hum Network Limited,828.0,TECHNOLOGY & COMMUNICATION,500.0,1.0,6.0,0.1309192564954825,567000000,1134000000
250,HUSI,Husein Industries Limited,838.0,PROPERTY,500.0,1.0,6.0,0.0015429579788367837,2656463,10625852
251,HWQS,Haseeb Waqas Sugar Mills Limited,826.0,SUGAR & ALLIED INDUSTRIES,500.0,1.0,12.0,0.003755383828092492,12960000,32400000
252,IBFL,Ibrahim Fibres Limited,827.0,SYNTHETIC & RAYON,1.0,1.0,12.0,0.8377663454637365,15525350,310506995
253,IBLHL,IBL HealthCare Limited,823.0,PHARMACEUTICALS,500.0,1.0,6.0,0.02894756860470284,21418691,85674767
254,ICCI,ICC Industries Limited,831.0,TEXTILE WEAVING,500.0,1.0,12.0,0.0019550005613109163,4500168,30001120
255,ICIBL,Invest Capital Investment Bank Limited,813.0,INV. BANKS / INV. COS. / SECURITIES COS.,500.0,1.0,6.0,0.00373871170759549,156676793,284866896
256,ICL,Ittehad Chemicals Limted,805.0,CHEMICAL,500.0,1.0,6.0,0.05662575100087645,30000000,99999999
257,IDRT,Idrees Textile Mills Limited,830.0,TEXTILE SPINNING,500.0,1.0,6.0,0.0022026105833651043,1985280,19852800
258,IDSM,Ideal Spinning Mills Limited,830.0,TEXTILE SPINNING,500.0,1.0,6.0,0.0008031166019866232,1488000,9920000
259,IDYM,Indus Dyeing & Manufacturing Co. Limited,830.0,TEXTILE SPINNING,1.0,1.0,6.0,0.05264344198403371,8133179,54221193
260,IGIHL,IGI Holdings Limited,812.0,INSURANCE,1.0,1.0,12.0,0.19099257259214847,28526110,142630550
261,IGIL,IGI Life Insurance Limited,812.0,INSURANCE,500.0,1.0,12.0,0.01926232842096543,34113440,170567200
262,ILP,Interloop Limited,829.0,TEXTILE COMPOSITE,1.0,1.0,6.0,0.7336186397832783,280341894,1401709468
263,IMAGE,Image Pakistan Limited,827.0,SYNTHETIC & RAYON,500.0,1.0,6.0,0.03160577889229844,149740273,230369650
264,IML,Imperial  Limited,813.0,INV. BANKS / INV. COS. / SECURITIES COS.,500.0,1.0,6.0,0.014771385465499554,24755000,99020000
265,IMS,,,,,,,0.06015427527908678,19312654,128751024
266,INDU,Indus Motor Company Limited,801.0,AUTOMOBILE ASSEMBLER,1.0,1.0,6.0,1.215458091208628,13943853,78600000
267,INIL,International Industries Limited,808.0,ENGINEERING,1.0,1.0,6.0,0.15772071777668478,59346846,131881860
268,INKL,International Knitwear Limited,829.0,TEXTILE COMPOSITE,500.0,1.0,6.0,0.0012144186374447848,3870000,9675000
269,INMF,,,,,,,1.2971806719327279e-05,12666667,10000000
270,IPAK,,,,,,,0.12213774013117405,140040000,700200000
271,ISIL,Ismail Industries Limited,810.0,FOOD & PERSONAL CARE PRODUCTS,1.0,1.0,6.0,0.8100447657491562,3317847,66356940
272,ISL,International Steels Limited,808.0,ENGINEERING,1.0,1.0,6.0,0.26155740630888263,152250000,435000000
273,ITTEFAQ,Ittefaq Iron Industries Limited,808.0,ENGINEERING,500.0,1.0,6.0,0.007478562792460687,93823187,144343364
274,JATM,J.A. Textile Mills Limited,830.0,TEXTILE SPINNING,500.0,1.0,6.0,0.006572066830787627,1890174,12601200
275,JDMT,Janana De Malucho Textile Mills Limited,830.0,TEXTILE SPINNING,500.0,1.0,6.0,0.0035356572478712853,2074747,6915822
276,JDWS,JDW Sugar Mills Limited,826.0,SUGAR & ALLIED INDUSTRIES,1.0,1.0,9.0,0.27339258353763407,8666499,57776661
277,JGICL,Jubilee General Insurance Limited,812.0,INSURANCE,500.0,1.0,12.0,0.0695496703719804,49622810,198491379
278,JKSM,J.K. Spinning Mills Limited,830.0,TEXTILE SPINNING,500.0,1.0,6.0,0.04617243690432196,5115875,102317502
279,JLICL,Jubilee Life Insurance Company Limited,812.0,INSURANCE,1.0,1.0,12.0,0.12272569103789284,20070662,100353310
280,JSBL,JS Bank Limited,807.0,COMMERCIAL BANKS,500.0,1.0,12.0,0.1397324274750404,410132507,2050662536
281,JSCL,Jahangir Siddiqui & Co. Ltd.,813.0,INV. BANKS / INV. COS. / SECURITIES COS.,500.0,1.0,12.0,0.12405608253609268,228985597,915942388
282,JSCLPSA,,,,,,,0.012510444338720459,27478272,183188477
283,JSGCL,,,,,,,0.025753129251995122,2747730,27477297
284,JSIL,JS Investments Limited,813.0,INV. BANKS / INV. COS. / SECURITIES COS.,500.0,1.0,12.0,0.01154848874824998,12354851,61774256
285,JSML,Jauharabad Sugar Mills Limited,826.0,SUGAR & ALLIED INDUSTRIES,500.0,1.0,9.0,0.006838532021277817,13651381,34128454
286,JUBS,Jubilee Spinning & Weaving Mills Ltd.,829.0,TEXTILE COMPOSITE,500.0,1.0,6.0,0.0029726005174959417,6498241,32491205
287,JVDC,Javedan Corporation Limited,838.0,PROPERTY,500.0,1.0,6.0,0.16451692191383568,133301156,380860447
288,JVDCPS,,,,,,,7.70677928618856e-06,42500,50500
289,KAKL,,,,,,,3.588230652802149e-05,3847500,8550000
290,KAPCO,Kot Addu Power Company Limited,824.0,POWER GENERATION & DISTRIBUTION,1.0,1.0,6.0,0.2416686594480728,456366078,880253228
291,KCL,Karam Ceramics Limited,811.0,GLASS & CERAMICS,500.0,1.0,6.0,0.00737036763732094,727434,14549060
292,KEL,K-Electric Limited,824.0,POWER GENERATION & DISTRIBUTION,1.0,1.0,6.0,1.2179444716935846,2761519425,27615194245
293,KHTC,Khyber Tobacco Company Limited,832.0,TOBACCO,1.0,1.0,9.0,0.013345741930889379,983960,6922368
294,KHYT,Khyber Textile Mills Limited,829.0,TEXTILE COMPOSITE,1.0,1.0,6.0,0.003381273107069823,17766,1227500
295,KML,Kohinoor Mills Limited,829.0,TEXTILE COMPOSITE,500.0,1.0,6.0,0.012563287103904593,7636652,50911011
296,KOHC,Kohat Cement Company Limited,804.0,CEMENT,1.0,1.0,6.0,0.6343467390680334,58758389,195861297
297,KOHE,Kohinoor Energy Limited,824.0,POWER GENERATION & DISTRIBUTION,500.0,1.0,6.0,0.03064527646427893,67783446,169458614
298,KOHP,Kohinoor Power Company Limited,824.0,POWER GENERATION & DISTRIBUTION,500.0,1.0,6.0,0.0006730078544968624,6930000,12600000
299,KOHTM,Kohat Textile Mills Limited,830.0,TEXTILE SPINNING,500.0,1.0,6.0,0.004956634174098524,4160000,20800000
300,KOIL,Kohinoor Industries Limited,829.0,TEXTILE COMPOSITE,500.0,1.0,6.0,0.0018682823668965739,16666399,30302580
301,KOSM,,,,,,,0.02578547671440916,226658732,412106785
302,KPUS,Khairpur Sugar Mills Limited,826.0,SUGAR & ALLIED INDUSTRIES,1.0,1.0,9.0,0.028571632614957536,800875,16017500
303,KSBP,KSB Pumps Company Limited,808.0,ENGINEERING,1.0,1.0,12.0,0.03404215654871588,8365701,30900000
304,KSTM,Khalid Siraj Textile Mills Limited,830.0,TEXTILE SPINNING,500.0,1.0,6.0,0.0008760624125015789,3210000,10700000
305,KTML,Kohinoor Textile Mills Limited,829.0,TEXTILE COMPOSITE,1.0,1.0,6.0,0.22936600059537537,53859891,269299456
306,LCI,Lucky Core Industries Limited,805.0,CHEMICAL,1.0,1.0,6.0,0.8193557954658499,13853858,92359050
307,LEUL,Leather Up Limited,816.0,LEATHER & TANNERIES,500.0,1.0,6.0,0.0008533922726409194,1772800,6000000
308,LMSM,,,,,,,0.005623657622913967,1212370,12123700
309,LOADS,Loads Limited,802.0,AUTOMOBILE PARTS & ACCESSORIES,500.0,1.0,6.0,0.0273386549465728,125625000,251250000
310,LOTCHEM,Lotte Chemical Pakistan Limited,805.0,CHEMICAL,1.0,1.0,12.0,0.22172355299519397,378551802,1514207200
311,LPGL,Leiner Pak Gelatine Limited,805.0,CHEMICAL,500.0,1.0,6.0,0.004613766431083082,1875000,7500000
312,LPL,Lalpir Power Limited,824.0,POWER GENERATION & DISTRIBUTION,1.0,1.0,12.0,0.06173485018893584,151935493,379838732
313,LSECL,,,,,,,0.005833246865139039,90576673,181153345
314,LSEFSL,,,,,,,0.002093501381157983,7135516,35677578
315,LSEVL,LSE Ventures Limited,813.0,INV. BANKS / INV. COS. / SECURITIES COS.,500.0,1.0,3.0,0.011648544932804672,107758728,179597880
316,LUCK,Lucky Cement Limited,804.0,CEMENT,1.0,1.0,6.0,2.3253817749707557,87900000,293000000
317,MACFL,MACPAC Films Limited,822.0,"PAPER, BOARD & PACKAGING",500.0,1.0,6.0,0.007977502986986181,20755403,59301150
318,MACTER,Macter International Limited,823.0,PHARMACEUTICALS,500.0,1.0,6.0,0.0999321574925828,16033856,45811018
319,MARI,Mari Petroleum Company Limited,820.0,OIL & GAS EXPLORATION COMPANIES,1.0,1.0,6.0,4.256257389030492,240124500,1200622500
320,MCB,MCB Bank Limited,807.0,COMMERCIAL BANKS,1.0,1.0,12.0,2.486073826482778,414771002,1185060006
321,MCBIM,MCB Investment Management Limited.,813.0,INV. BANKS / INV. COS. / SECURITIES COS.,500.0,1.0,3.0,0.03618859377608843,10800000,72000000
322,MDTL,Media Times Limited,828.0,TECHNOLOGY & COMMUNICATION,500.0,1.0,9.0,0.003452736738346747,116253157,178851010
323,MEBL,Meezan Bank Limited,807.0,COMMERCIAL BANKS,1.0,1.0,12.0,3.2593441514641612,448685179,1794740714
324,MEHT,Mehmood Textile Mills Limited,829.0,TEXTILE COMPOSITE,1.0,1.0,6.0,0.13829853581438076,22500000,30000000
325,MERIT,Merit Packaging Limited,822.0,"PAPER, BOARD & PACKAGING",500.0,1.0,6.0,0.01629530569115855,39991685,199958427
326,MFFL,Mitchells Fruit Farms Limited,810.0,FOOD & PERSONAL CARE PRODUCTS,1.0,1.0,6.0,0.03463363659798177,6862500,22875000
327,MFL,Matco Foods Limited,810.0,FOOD & PERSONAL CARE PRODUCTS,500.0,1.0,6.0,0.027374819263078477,30600175,122400698
328,MFTM,,,,,,,0.0005030261233380481,8443614,18889200
329,MIRKS,Mirpurkhas Sugar Mills Limited,826.0,SUGAR & ALLIED INDUSTRIES,500.0,1.0,9.0,0.016317807510991753,29951050,66557888
330,MLCF,Maple Leaf Cement Factory Limited,804.0,CEMENT,1.0,1.0,6.0,0.35594609354900253,471403174,1047562608
331,MOHE,,,,,,,1.7374590529357774e-05,6831000,15180000
332,MQTM,Maqbool Textile Mills Limited,830.0,TEXTILE SPINNING,500.0,1.0,6.0,0.0037988189309304692,4608000,18432000
333,MRNS,Mehran Sugar Mills Limited,826.0,SUGAR & ALLIED INDUSTRIES,500.0,1.0,9.0,0.027534811175900238,18731902,74927989
334,MSCL,Metropolitan Steel Corporation Limited,808.0,ENGINEERING,500.0,1.0,6.0,0.0026993799464939483,7744400,30977500
335,MSOT,Masood Textile Mills Limited,829.0,TEXTILE COMPOSITE,500.0,1.0,6.0,0.027457690349408977,13500000,67500000
336,MSOTPS,,,,,,,0.0017752299019126421,27500000,27500000
337,MTL,Millat Tractors Limited,801.0,AUTOMOBILE ASSEMBLER,1.0,1.0,6.0,0.8710966819097491,86309203,191798229
338,MUBT,Mubarak Textile Mills Limited,829.0,TEXTILE COMPOSITE,500.0,1.0,6.0,0.00015863756570283185,666000,5400000
339,MUGHAL,Mughal Iron & Steel Industries Limited,808.0,ENGINEERING,1.0,1.0,6.0,0.19520293989894588,83908483,335633933
340,MUREB,,,,,,,0.14461967335081757,11065452,27663631
341,MWMP,Mandviwala Mauser Plastic Industries,818.0,MISCELLANEOUS,500.0,1.0,6.0,0.003413271116565013,2874813,28748133
342,NAFL,,,,,,,0.0064689484452340245,38150010,84777800
343,NAGC,Nagina Cotton Mills Limited,830.0,TEXTILE SPINNING,500.0,1.0,6.0,0.006709277871370455,1870000,18700000
344,NATF,National Foods Limited,810.0,FOOD & PERSONAL CARE PRODUCTS,1.0,1.0,6.0,0.3197357014396451,58278856,233115250
345,NATM,Nadeem Textile Mills Limited,830.0,TEXTILE SPINNING,500.0,1.0,6.0,0.012982022398642476,1063337,21266735
346,NBP,National Bank of Pakistan,807.0,COMMERCIAL BANKS,1.0,1.0,12.0,1.1951421274850236,509331527,2127512862
347,NCL,Nishat Chunian Limited,829.0,TEXTILE COMPOSITE,1.0,1.0,6.0,0.06830524128754695,108053563,240119029
348,NCML,Nazir Cotton Mills Limited,830.0,TEXTILE SPINNING,500.0,1.0,6.0,0.0024359526923988474,18358283,23000000
349,NCPL,Nishat Chunian Power Limited,824.0,POWER GENERATION & DISTRIBUTION,1.0,1.0,6.0,0.07744775939655163,202040816,367346939
350,NESTLE,Nestle Pakistan Limited,810.0,FOOD & PERSONAL CARE PRODUCTS,1.0,1.0,12.0,2.2952290112488325,2267479,45349551
351,NETSOL,NetSol Technologies Limited,828.0,TECHNOLOGY & COMMUNICATION,1.0,1.0,6.0,0.09668954279976358,31442923,89836923
352,NEXT,Next Capital Limited,813.0,INV. BANKS / INV. COS. / SECURITIES COS.,500.0,1.0,6.0,0.002606188579403666,28462500,56925000
353,NICL,Nimir Industrial Chemicals Limited,805.0,CHEMICAL,500.0,1.0,6.0,0.11314452699199805,38706691,110590546
354,NINA,,,,,,,0.00018650405872576315,7192350,24200000
355,NMFL,,,,,,,0.001615234264351042,7885395,16589500
356,NML,Nishat Mills Limited,829.0,TEXTILE COMPOSITE,1.0,1.0,6.0,0.21787617225984532,140639939,351599848
357,NONS,Noon Sugar Mills Limited,826.0,SUGAR & ALLIED INDUSTRIES,500.0,1.0,9.0,0.01020639750585404,3303491,16517456
358,NPL,Nishat Power Limited,824.0,POWER GENERATION & DISTRIBUTION,1.0,1.0,6.0,0.08505465619395856,159339825,354088500
359,NRL,National Refinery Limited,825.0,REFINERY,1.0,1.0,6.0,0.14780457969094818,26272664,79966560
360,NRSL,Nimir Resins Limited,805.0,CHEMICAL,500.0,1.0,6.0,0.02696945986118452,56528426,141321100
361,NSRM,The National Silk & Rayon Mills Limited,827.0,SYNTHETIC & RAYON,500.0,1.0,6.0,0.006579496421793019,777659,15553133
362,OBOY,Oilboy Energy Limited,821.0,OIL & GAS MARKETING COMPANIES,500.0,1.0,6.0,0.0018713738811264795,16475220,25000000
363,OCTOPUS,Octopus Digital Limited,828.0,TECHNOLOGY & COMMUNICATION,500.0,1.0,9.0,0.0853791118865238,47178751,157262502
364,OGDC,Oil & Gas Development Company Limited,820.0,OIL & GAS EXPLORATION COMPANIES,1.0,1.0,6.0,6.293203584402911,645139260,4300928400
365,OLPL,OLP Financial Services Pakistan Limited,813.0,INV. BANKS / INV. COS. / SECURITIES COS.,500.0,1.0,6.0,0.042415277440691526,87703824,175407648
366,OLPM,OLP Modaraba,819.0,MODARABAS,500.0,1.0,6.0,0.005194468053536392,34037648,45383530
367,OML,Olympia Mills Limited,818.0,MISCELLANEOUS,500.0,1.0,6.0,0.002776271856917669,1200000,12000000
368,ORM,Orient Rental Mod,819.0,MODARABAS,500.0,1.0,6.0,0.004521056165412596,26250000,75000000
369,OTSU,Otsuka Pakistan Limited,823.0,PHARMACEUTICALS,1.0,1.0,6.0,0.015139143816467021,2970872,12100000
370,PABC,Pakistan Aluminium Beverage Cans Limited,818.0,MISCELLANEOUS,1.0,1.0,12.0,0.23148345071686044,90277064,361108254
371,PACE,Pace (Pakistan) Limited,838.0,PROPERTY,500.0,1.0,6.0,0.014406294797716249,209157453,278876604
372,PAEL,Pak Elektron Limited,803.0,CABLE & ELECTRICAL GOODS,1.0,1.0,12.0,0.18099559485209363,428006078,856012155
373,PAKD,Pak Datacom Limited,828.0,TECHNOLOGY & COMMUNICATION,500.0,1.0,6.0,0.0068339105263968995,4150724,11859210
374,PAKL,Pak Leather Crafts Limited,816.0,LEATHER & TANNERIES,500.0,1.0,6.0,0.0007316098989700586,1020000,3400000
375,PAKOXY,Pakistan Oxygen Limited,805.0,CHEMICAL,500.0,1.0,12.0,0.08954839414417674,21781057,87124171
376,PAKRI,Pakistan Reinsurance Company Limited,812.0,INSURANCE,500.0,1.0,12.0,0.10445356598874772,225000000,900000000
377,PAKT,Pakistan Tobacco Company Limited,832.0,TOBACCO,1.0,1.0,12.0,2.368611751792985,12589809,255493792
378,PASL,Pervez Ahmed Consultancy Services Ltd.,813.0,INV. BANKS / INV. COS. / SECURITIES COS.,500.0,1.0,6.0,0.002178117317953192,186154897,186568487
379,PASM,Paramount Spinning Mills Limited,829.0,TEXTILE COMPOSITE,500.0,1.0,3.0,0.0007229395570937144,8676164,17352330
380,PCAL,Pakistan Cables Limited,803.0,CABLE & ELECTRICAL GOODS,1.0,1.0,6.0,0.0569284239999748,12376686,54457418
381,PECO,,,,,,,0.029603023904943945,1991586,5690200
382,PELPS,,,,,,,0.004150877910166782,36694083,44957592
383,PGLC,Pak-Gulf Leasing Company Limited,815.0,LEASING COMPANIES,500.0,1.0,6.0,0.004454358935238136,9894222,49471110
384,PHDL,Pakistan Hotels Developers Limited,818.0,MISCELLANEOUS,1.0,1.0,6.0,0.005815337257019827,9000000,18000000
385,PIAHCLA,,,,,,,0.706469407226122,189038291,5233762118
386,PIAHCLB,,,,,,,0.01067667443457854,2626,1500000
387,PIBTL,,,,,,,0.10889359603950599,803741747,1786092772
388,PICL,,,,,,,3.0063255519042665e-05,11819680,39398933
389,PICT,Pakistan International Container,833.0,TRANSPORT,500.0,1.0,12.0,0.03451497599550891,21830630,109153152
390,PIL,PICIC Insurance Limited,812.0,INSURANCE,500.0,1.0,12.0,0.0005341332178546527,34668541,35000000
391,PIM,Popular Islamic Modaraba,819.0,MODARABAS,500.0,1.0,6.0,0.0017916354221753207,1000000,20000000
392,PINL,Premier Insurance Limited,812.0,INSURANCE,500.0,1.0,12.0,0.0023458813378347855,22754297,50565105
393,PIOC,Pioneer Cement Limited,804.0,CEMENT,1.0,1.0,6.0,0.37880246106139137,102216957,227148793
394,PKGI,The Pakistan General Insurance Co. Ltd.,812.0,INSURANCE,500.0,1.0,12.0,0.0038152372703903763,17500000,50000000
395,PKGP,Pakgen Power Limited,824.0,POWER GENERATION & DISTRIBUTION,500.0,1.0,12.0,0.31622554136201847,148832636,372081591
396,PKGS,Packages Limited,822.0,"PAPER, BOARD & PACKAGING",1.0,1.0,12.0,0.4161544796668135,26813851,89379504
397,PMI,First Prudential Modaraba,819.0,MODARABAS,500.0,1.0,6.0,0.002952086469625786,77635006,129391676
398,PMPK,,,,,,,0.37442493574196434,3079017,61580341
399,PMRS,The Premier Sugar Mills,826.0,SUGAR & ALLIED INDUSTRIES,1.0,1.0,9.0,0.013281603985682977,364448,3750000
400,PNSC,Pakistan National Shipping Corporation,833.0,TRANSPORT,1.0,1.0,6.0,0.5115871974904501,11709973,198095040
401,POL,Pakistan Oilfields Limited,820.0,OIL & GAS EXPLORATION COMPANIES,1.0,1.0,6.0,1.253759662202756,129925469,283855104
402,POML,Punjab Oil Mills Limited,834.0,VANASPATI & ALLIED INDUSTRIES,1.0,1.0,6.0,0.006240044700913096,3105015,7762500
403,POWER,Power Cement Limited,804.0,CEMENT,500.0,1.0,6.0,0.06321495421678619,444807395,1112018487
404,POWERPS,,,,,,,0.01961362830342586,104066139,208132277
405,PPL,Pakistan Petroleum Limited,820.0,OIL & GAS EXPLORATION COMPANIES,1.0,1.0,6.0,3.470829277930095,668167049,2720967548
406,PPP,Pakistan Paper Products Limited,822.0,"PAPER, BOARD & PACKAGING",500.0,1.0,6.0,0.0047937693255001,4000000,8000000
407,PPVC,Pakistan PVC Limited,805.0,CHEMICAL,500.0,1.0,6.0,0.0011664764422098046,2533180,14958000
408,PREMA,At-Tahur Limited,810.0,FOOD & PERSONAL CARE PRODUCTS,500.0,1.0,6.0,0.04160796574939184,54657256,218639430
409,PRET,Premium Textile Mills Limited,830.0,TEXTILE SPINNING,1.0,1.0,6.0,0.01773749849287865,1848900,6163000
410,PRIB,,,,,,,0.0003052189816312301,2500000,10000000
411,PRIC,,,,,,,7.329070796419913e-05,3825000,8500000
412,PRL,Pakistan Refinery Limited,825.0,REFINERY,1.0,1.0,6.0,0.12897714811536298,227225765,630000000
413,PRWM,Prosperity Weaving Mills Limited,831.0,TEXTILE WEAVING,500.0,1.0,6.0,0.00493539093297699,2772000,18480000
414,PSEL,Pakistan Services Limited,818.0,MISCELLANEOUS,1.0,1.0,6.0,0.20273205281252737,24393128,32524250
415,PSO,Pakistan State Oil Company Limited,821.0,OIL & GAS MARKETING COMPANIES,1.0,1.0,6.0,1.0480388767374935,211262985,469473300
416,PSX,Pakistan Stock Exchange Limited,813.0,INV. BANKS / INV. COS. / SECURITIES COS.,500.0,1.0,6.0,0.12078402412879749,480885960,801476600
417,PSYL,Pakistan Synthetics Limited,827.0,SYNTHETIC & RAYON,500.0,1.0,6.0,0.03135859015026974,13869900,138699000
418,PTC,Pakistan Telecommunication Company Ltd,828.0,TECHNOLOGY & COMMUNICATION,1.0,1.0,12.0,0.5958184318707967,593201087,3774000000
419,PTL,Panther Tyres Ltd.,802.0,AUTOMOBILE PARTS & ACCESSORIES,500.0,1.0,6.0,0.05634037181930877,42000000,168000000
420,PUDF,,,,,,,0.00010667403408011493,2700000,6000000
421,QUET,Quetta Textile Mills Limited,829.0,TEXTILE COMPOSITE,500.0,1.0,6.0,0.0022805199260031435,8450000,13000000
422,QUICE,Quice Food Industries Limited,810.0,FOOD & PERSONAL CARE PRODUCTS,500.0,1.0,6.0,0.005131450522344369,68923280,98461828
423,RCML,Reliance Cotton Spinning Mills Limited,830.0,TEXTILE SPINNING,1.0,1.0,6.0,0.05099922887653085,1029200,10292000
424,REDCO,Redco Textiles Limited,829.0,TEXTILE COMPOSITE,500.0,1.0,6.0,0.00574344294115754,7275200,49292600
425,REGAL,,,,,,,0.00021166936376125806,3285000,7300000
426,REWM,Reliance Weaving Mills Limited,829.0,TEXTILE COMPOSITE,500.0,1.0,6.0,0.032124347936085505,6162187,30810938
427,RICL,Reliance Insurance Company Limited,812.0,INSURANCE,500.0,1.0,12.0,0.006463226184810673,46576564,66537948
428,RMPL,Rafhan Maize Products Company Limited,810.0,FOOD & PERSONAL CARE PRODUCTS,1.0,1.0,12.0,0.5661154591268139,786692,9236400
429,RPL,Roshan Packages Limited,822.0,"PAPER, BOARD & PACKAGING",500.0,1.0,6.0,0.019262377561221473,44394332,141900000
430,RUBY,Ruby Textile Mills Limited,830.0,TEXTILE SPINNING,500.0,1.0,6.0,0.0030120601129577976,2610720,52214400
431,RUPL,Rupali Polyester Limited,827.0,SYNTHETIC & RAYON,500.0,1.0,6.0,0.004533681853806753,10220554,34068500
432,SAIF,Saif Textile Mills Limited,830.0,TEXTILE SPINNING,500.0,1.0,6.0,0.0028216014539746313,13206440,26412900
433,SANE,Salman Noman Enterprises Limited,830.0,TEXTILE SPINNING,500.0,1.0,6.0,0.0002750708280789613,1563463,4467036
434,SANSM,Sanghar Sugar Mills Limited,826.0,SUGAR & ALLIED INDUSTRIES,500.0,1.0,9.0,0.002036372515625488,5973000,11946000
435,SAPT,Sapphire Textile Mills Limited,829.0,TEXTILE COMPOSITE,1.0,1.0,6.0,0.1952940096640195,2168979,21689791
436,SARC,Sardar Chemical Industries Limited,805.0,CHEMICAL,500.0,1.0,6.0,0.001510833959074589,2700000,6000000
437,SASML,Sindh Abadgars Sugar Mills Limited,826.0,SUGAR & ALLIED INDUSTRIES,500.0,1.0,9.0,0.00284303469391223,1563750,10425000
438,SAZEW,Sazgar Engineering Works Limited,801.0,AUTOMOBILE ASSEMBLER,1.0,1.0,6.0,0.4768117620640154,21156087,60445961
439,SBL,Samba Bank Limited,807.0,COMMERCIAL BANKS,500.0,1.0,12.0,0.07901059496629277,100823865,1008238648
440,SCBPL,Standard Chartered Bank (Pak) Ltd,807.0,COMMERCIAL BANKS,500.0,1.0,12.0,1.5352993477027916,193579251,3871585021
441,SCL,Shield Corporation Limited,810.0,FOOD & PERSONAL CARE PRODUCTS,1.0,1.0,6.0,0.008165233457547749,195000,3900000
442,SDOT,,,,,,,1.9457710078990917e-05,1350000,3000000
443,SEARL,The Searle Company Limited,823.0,PHARMACEUTICALS,1.0,1.0,6.0,0.3806542449019261,255747212,511494426
444,SEL,Sitara Energy Limited,824.0,POWER GENERATION & DISTRIBUTION,500.0,1.0,6.0,0.0016024912192584475,10500600,19092000
445,SEPL,Security Papers Limited,822.0,"PAPER, BOARD & PACKAGING",1.0,1.0,6.0,0.06565236657203727,23702394,59255985
446,SERT,Service Industries Textiles Limited,830.0,TEXTILE SPINNING,500.0,1.0,6.0,0.0011235966514295986,2068135,13787567
447,SFAT,,,,,,,5.768638752830249e-05,1200000,4000000
448,SFL,Sapphire Fibres Limited,829.0,TEXTILE COMPOSITE,1.0,1.0,6.0,0.18928345907724253,2067188,20671875
449,SGABL,SG.Allied Businesses Limited,827.0,SYNTHETIC & RAYON,1.0,1.0,3.0,0.014421596882075623,0,15000000
450,SGF,Service GlobalFootwear Limited,816.0,LEATHER & TANNERIES,500.0,1.0,12.0,0.16644453696550002,41211280,206056400
451,SGPL,S.G. Power Limited,824.0,POWER GENERATION & DISTRIBUTION,500.0,1.0,6.0,0.0012165174605110228,3232280,17833200
452,SHCI,,,,,,,0.000594261357236005,2400000,12000000
453,SHCM,Shadman Cotton Mills Limited,830.0,TEXTILE SPINNING,500.0,1.0,6.0,0.00412209820805519,881836,17636800
454,SHDT,Shadab Textile Mills Limited,830.0,TEXTILE SPINNING,500.0,1.0,6.0,0.0029728481420372628,7470000,16600000
455,SHEL,Shell Pakistan Limited,821.0,OIL & GAS MARKETING COMPANIES,1.0,1.0,12.0,0.2809765298190399,53506166,214024662
456,SHEZ,Shezan International Limited,810.0,FOOD & PERSONAL CARE PRODUCTS,1.0,1.0,6.0,0.007980201956794669,3865224,9663060
457,SHFA,Shifa International Hospitals Limited,818.0,MISCELLANEOUS,1.0,1.0,6.0,0.19314006189050342,28446472,63214383
458,SHJS,Shahtaj Sugar Mills Limited,826.0,SUGAR & ALLIED INDUSTRIES,500.0,1.0,9.0,0.00915411744172607,4804438,12011200
459,SHNI,Shaheen Insurance Company Limited,812.0,INSURANCE,500.0,1.0,12.0,0.0028988554304153116,16888640,64500000
460,SHSML,Shahmurad Sugar Mills Limited,826.0,SUGAR & ALLIED INDUSTRIES,1.0,1.0,9.0,0.06574572005138245,7391532,21118663
461,SIBL,Security Investment Bank Limited,813.0,INV. BANKS / INV. COS. / SECURITIES COS.,500.0,1.0,12.0,0.0022837390750280835,17744578,59148593
462,SICL,,,,,,,0.00025180565984576485,337500,750000
463,SIEM,Siemens (Pakistan) Engineering,803.0,CABLE & ELECTRICAL GOODS,1.0,1.0,9.0,0.09314155484940297,2061759,8247037
464,SILK,,,,,,,0.06444798718520385,3178651433,9081861237
465,SINDM,Sindh Modaraba,819.0,MODARABAS,500.0,1.0,6.0,0.0035161226683917707,4500000,45000000
466,SITC,Sitara Chemical Industries Limited,805.0,CHEMICAL,1.0,1.0,6.0,0.047004722527134786,7500292,21429524
467,SKRS,Sakrand Sugar Mills Limited,826.0,SUGAR & ALLIED INDUSTRIES,500.0,1.0,9.0,0.0036937875854094935,12481471,44616000
468,SLCL,Security Leasing Corporation Limited,815.0,LEASING COMPANIES,500.0,1.0,6.0,0.0002769862258303413,10890000,36300000
469,SLCPA,,,,,,,0.0006008998700864842,11100437,11250000
470,SLGL,,,,,,,0.03370026841624682,150501550,273639181
471,SLL,SME Leasing Limited,815.0,LEASING COMPANIES,500.0,1.0,9.0,0.0004150978150184729,9600000,32000000
472,SLYT,Sally Textile Mills Limited,830.0,TEXTILE SPINNING,500.0,1.0,6.0,0.0008383068244737958,2193750,8775000
473,SMCPL,Safe Mix Concrete Limited,804.0,CEMENT,500.0,1.0,6.0,0.004419952377747251,8750000,25000000
474,SML,Shakarganj Limited,826.0,SUGAR & ALLIED INDUSTRIES,500.0,1.0,9.0,0.02766047021033023,56250000,125000000
475,SNAI,Sana Industries Limited,830.0,TEXTILE SPINNING,500.0,1.0,6.0,0.00354653163553169,6987750,19965000
476,SNBL,Soneri Bank Limited,807.0,COMMERCIAL BANKS,500.0,1.0,12.0,0.13796204294521602,330739044,1102463503
477,SNGP,Sui Northern Gas Pipelines Limited,821.0,OIL & GAS MARKETING COMPANIES,1.0,1.0,6.0,0.4381085386872031,285397499,634216665
478,SPEL,Synthetic Products Enterprises Limited,822.0,"PAPER, BOARD & PACKAGING",500.0,1.0,6.0,0.06143568837993822,39947203,199736016
479,SPL,,,,,,,0.005717972401879465,30305000,55100000
480,SPLC,Saudi Pak Leasing Company Limited,815.0,LEASING COMPANIES,500.0,1.0,6.0,0.00031013644094903626,15806175,45160500
481,SPWL,Saif Power Limited,824.0,POWER GENERATION & DISTRIBUTION,500.0,1.0,12.0,0.037245403579022486,193235890,386471779
482,SRVI,Service Industries Limited,816.0,LEATHER & TANNERIES,1.0,1.0,12.0,0.5321763540443899,21144354,46987500
483,SSGC,Sui Southern Gas Company Limited,821.0,OIL & GAS MARKETING COMPANIES,1.0,1.0,12.0,0.19701623551830721,308320708,880916309
484,SSIC,,,,,,,0.00147864183366449,9147520,30564844
485,SSML,Saritow Spinning Mills Limited,830.0,TEXTILE SPINNING,500.0,1.0,6.0,0.001960479711076467,10444212,29840607
486,SSOM,S.S.Oil Mills Limited,834.0,VANASPATI & ALLIED INDUSTRIES,500.0,1.0,6.0,0.0034614421384383687,1363400,5658400
487,STCL,Shabbir Tiles & Ceramics Limited,811.0,GLASS & CERAMICS,500.0,1.0,6.0,0.02523709989956728,131626261,239320475
488,STJT,Shahtaj Textile Limited,831.0,TEXTILE WEAVING,500.0,1.0,6.0,0.005167097922882339,1449000,9660000
489,STML,Shams Textile Mills Limited,829.0,TEXTILE COMPOSITE,500.0,1.0,6.0,0.0016481825008086426,2160000,8640000
490,STPL,Siddiqsons Tin Plate Limited,818.0,MISCELLANEOUS,500.0,1.0,6.0,0.010427052987997848,80247570,229278733
491,STYLERS,,,,,,,0.14968441349209352,24441389,488827773
492,SUHJ,Suhail Jute Mills Limited,814.0,JUTE,500.0,1.0,6.0,0.0014768556446461277,166907,4332819
493,SURAJ,,,,,,,7.310757657522039e-05,431145,958100
494,SURC,Suraj Cotton Mills Limited,829.0,TEXTILE COMPOSITE,1.0,1.0,6.0,0.048044730224972174,9761903,48809516
495,SUTM,Sunrays Textile Mills Limited,830.0,TEXTILE SPINNING,500.0,1.0,6.0,0.013942319145694642,2070000,20700000
496,SYM,Symmetry Group Limited,828.0,TECHNOLOGY & COMMUNICATION,500.0,1.0,3.0,0.028164669691272428,114098210,285245524
497,SYS,Systems Limited,828.0,TECHNOLOGY & COMMUNICATION,1.0,1.0,12.0,1.261219729640892,174852840,291779400
498,SZTM,Shahzad Textile Mills Limited,830.0,TEXTILE SPINNING,500.0,1.0,6.0,0.004270231205287149,1797137,17971372
499,TAJT,,,,,,,0.00010462311513304386,15048900,33442000
500,TATM,Tata Textile Mills Limited,830.0,TEXTILE SPINNING,500.0,1.0,6.0,0.0198589446854872,11198723,55993614
501,TBL,,,,,,,0.12171797168315515,44113827,882276543
502,TCORP,,,,,,,0.007310028470298735,23172188,66206250
503,TCORPCPS,,,,,,,0.0007660443229539669,2166750,14445000
504,TELE,Telecard Limited,828.0,TECHNOLOGY & COMMUNICATION,1.0,1.0,6.0,0.021213568113663154,325992410,338625000
505,TGL,Tariq Glass Industries Limited,811.0,GLASS & CERAMICS,1.0,1.0,6.0,0.17932241756408254,68866875,172167188
506,THALL,Thal Limited,802.0,AUTOMOBILE PARTS & ACCESSORIES,1.0,1.0,6.0,0.2920957358530148,40514955,81029917
507,THCCL,Thatta Cement Company Limited,804.0,CEMENT,500.0,1.0,6.0,0.12624035723983817,29915438,99718125
508,TICL,The Thal Industries Corporation Limited,826.0,SUGAR & ALLIED INDUSTRIES,1.0,1.0,9.0,0.0362530483945344,219248,15023200
509,TOMCL,The Organic Meat Company Limited,810.0,FOOD & PERSONAL CARE PRODUCTS,500.0,1.0,6.0,0.03965704471141532,74245607,148491213
510,TOWL,Towellers Limited,829.0,TEXTILE COMPOSITE,1.0,1.0,6.0,0.01854968360863801,3400000,17000000
511,TPL,TPL Corp Limited,828.0,TECHNOLOGY & COMMUNICATION,500.0,1.0,6.0,0.011197452176831518,106919105,267297763
512,TPLI,TPL Insurance Limited,812.0,INSURANCE,500.0,1.0,12.0,0.015880222419977164,29759169,198394462
513,TPLP,TPL Properties Limited,838.0,PROPERTY,1.0,1.0,6.0,0.04238545531259365,252489094,561086876
514,TPLRF1,,,,,,,0.17628418264956844,1192750000,1835000000
515,TPLT,TPL Trakker Limited,828.0,TECHNOLOGY & COMMUNICATION,500.0,1.0,6.0,0.01443195326200002,74905237,187263093
516,TREET,Treet Corporation Limited,810.0,FOOD & PERSONAL CARE PRODUCTS,1.0,1.0,6.0,0.04912003469678539,185514407,371028814
517,TRG,TRG Pakistan Limited,828.0,TECHNOLOGY & COMMUNICATION,1.0,1.0,6.0,0.253856964627781,381773466,545390665
518,TRIBL,,,,,,,0.0008873368786850493,77925322,119885111
519,TRIPF,Tri-Pack Films Limited,818.0,MISCELLANEOUS,1.0,1.0,12.0,0.03900622280501713,7760000,38800000
520,TRSM,Trust Modaraba,819.0,MODARABAS,500.0,1.0,6.0,0.000934565260805745,23840000,29800000
521,TSBL,Trust Securities & Brokerage Limited,813.0,INV. BANKS / INV. COS. / SECURITIES COS.,500.0,1.0,6.0,0.0027446816923188365,21000000,30000000
522,TSMF,Tri-Star Mutual Fund Limited,806.0,CLOSE - END MUTUAL FUND,500.0,1.0,6.0,0.0002857612715522392,3000000,5000000
523,TSML,Tandlianwala Sugar Mills Limited,826.0,SUGAR & ALLIED INDUSTRIES,500.0,1.0,9.0,0.07917235667749206,5885315,117706300
524,TSPL,Tri-Star Power Limited,824.0,POWER GENERATION & DISTRIBUTION,500.0,1.0,6.0,0.0007016221340247902,11876100,15000000
525,UBDL,United Brands Limited,818.0,MISCELLANEOUS,500.0,1.0,6.0,0.011186626678613459,4590000,91800000
526,UBL,United Bank Limited,807.0,COMMERCIAL BANKS,1.0,1.0,12.0,3.1981028009964954,489671875,1224179688
527,UCAPM,,,,,,,0.0005718186055166607,5910000,23640000
528,UDLI,,,,,,,0.002143891578978147,14048219,35120548
529,UDPL,United Distributors Pakistan Limited,818.0,MISCELLANEOUS,500.0,1.0,6.0,0.012350627636626192,5290670,35271134
530,UNIC,The United Insurance Company,812.0,INSURANCE,500.0,1.0,12.0,0.0419105340247291,52012500,346750000
531,UNITY,Unity Foods Limited,810.0,FOOD & PERSONAL CARE PRODUCTS,1.0,1.0,6.0,0.28827735948826533,358215000,1194050000
532,UPFL,Unilever Pakistan Foods Limited,810.0,FOOD & PERSONAL CARE PRODUCTS,1.0,1.0,12.0,0.962391444315631,309551,6369932
533,USMT,,,,,,,1.4501053013468771e-05,2235773,3726300
534,UVIC,The Universal Insurance Company Limited,812.0,INSURANCE,500.0,1.0,12.0,0.003967846761205991,5000000,50000000
535,WAHN,Wah Noble Chemicals Limited,805.0,CHEMICAL,1.0,1.0,6.0,0.016142574110003312,3150000,9000000
536,WAVES,Waves Corporation Limited,803.0,CABLE & ELECTRICAL GOODS,500.0,1.0,12.0,0.017543130459155464,182913957,281406088
537,WAVESAPP,,,,,,,0.02824935164609401,93759857,267885307
538,WTL,Worldcall Telecom Limited,828.0,TECHNOLOGY & COMMUNICATION,1.0,1.0,12.0,0.05550515695132718,3985831349,4982289186
539,YOUW,Yousaf Weaving Mills Limited,831.0,TEXTILE WEAVING,500.0,1.0,12.0,0.004638718082831435,74800000,136000000
540,ZAHID,Zahidjee Textile Mills Limited,829.0,TEXTILE COMPOSITE,500.0,1.0,6.0,0.044038110438182745,5921859,191421102
541,ZELP,,,,,,,0.0014364288312915922,51000000,427838526
542,ZHCM,Zahur Cotton Mills Limited,829.0,TEXTILE COMPOSITE,500.0,0.0,9.0,4.514188738325893e-06,4437000,9860000
543,ZIL,ZIL Limited,810.0,FOOD & PERSONAL CARE PRODUCTS,1.0,1.0,12.0,0.012449036972029197,306130,6122600
544,ZTL,Zephyr Textiles Limited,831.0,TEXTILE WEAVING,500.0,1.0,6.0,0.005214898141692776,8914309,59428729
