Symbol,Date,Open,High,Low,Close,Volume
HSM,02-Jan-2014,11.05,11.05,11.05,11.05,3000
HSM,03-Jan-2014,10.50,10.50,10.50,10.50,2000
HSM,13-Jan-2014,11.25,11.25,11.25,11.25,500
HSM,15-Jan-2014,10.60,10.60,10.60,10.60,500
HSM,17-Jan-2014,11.50,11.50,11.50,11.50,500
HSM,20-Jan-2014,11.99,11.99,11.20,11.20,3000
HSM,21-Jan-2014,11.90,12.00,11.90,12.00,2500
HSM,30-Jan-2014,13.00,13.00,13.00,13.00,500
HSM,04-Feb-2014,15.90,15.90,14.10,15.50,5000
HSM,17-Feb-2014,14.50,14.50,14.50,14.50,500
HSM,15-Apr-2014,14.50,14.50,14.50,14.50,500
HSM,27-May-2014,13.50,13.50,13.50,13.50,1000
HSM,29-May-2014,12.50,14.20,12.50,14.20,1500
HSM,30-May-2014,13.20,13.20,13.20,13.20,1500
HSM,11-Jun-2014,12.20,12.20,12.20,12.20,500
HSM,16-Jul-2014,13.20,13.20,13.20,13.20,1500
HSM,17-Jul-2014,13.60,13.94,13.60,13.60,1500
HSM,26-Aug-2014,12.60,12.60,12.60,12.60,500
HSM,02-Oct-2014,12.60,12.60,12.60,12.60,500
HSM,10-Oct-2014,12.00,12.00,12.00,12.00,6000
HSM,13-Oct-2014,13.00,13.00,13.00,13.00,500
HSM,15-Oct-2014,12.00,12.00,12.00,12.00,1500
HSM,27-Oct-2014,11.50,11.50,11.50,11.50,500
HSM,08-Dec-2014,12.50,12.50,12.50,12.50,500
HSM,22-Jan-2015,11.50,11.50,11.50,11.50,500
HSM,04-Feb-2015,11.50,11.50,11.50,11.50,1000
HSM,06-Feb-2015,10.50,10.50,10.50,10.50,500
HSM,09-Feb-2015,10.00,10.00,10.00,10.00,8000
HSM,19-May-2015,9.00,9.00,9.00,9.00,1500
HSM,19-Jun-2015,10.00,10.00,10.00,10.00,500
HSM,23-Jun-2015,11.00,11.00,11.00,11.00,500
HSM,23-Jul-2015,11.00,11.00,11.00,11.00,500
HSM,31-Jul-2015,12.00,12.00,12.00,12.00,500
HSM,03-Aug-2015,12.74,12.74,12.74,12.74,500
HSM,06-Aug-2015,13.74,13.74,13.74,13.74,500
HSM,10-Aug-2015,14.50,14.50,14.50,14.50,500
HSM,19-Aug-2015,14.44,14.44,14.44,14.44,2000
HSM,27-Aug-2015,15.60,15.60,15.60,15.60,500
HSM,23-Sep-2015,16.59,16.59,16.59,16.59,500
HSM,07-Oct-2015,17.00,17.00,17.00,17.00,1000
HSM,12-Oct-2015,17.35,17.35,17.35,17.35,500
HSM,13-Oct-2015,18.14,18.14,17.00,17.99,3500
HSM,14-Oct-2015,18.92,18.92,18.50,18.50,1000
HSM,15-Oct-2015,19.39,19.39,19.39,19.39,1000
HSM,16-Oct-2015,20.39,20.39,20.39,20.39,1000
HSM,19-Oct-2015,21.00,21.00,20.99,21.00,1000
HSM,20-Oct-2015,21.49,22.05,21.00,21.00,3000
HSM,21-Oct-2015,21.69,21.69,21.69,21.69,500
HSM,22-Oct-2015,20.61,22.77,20.61,20.75,4000
HSM,26-Oct-2015,21.49,21.49,19.72,19.72,1500
HSM,27-Oct-2015,20.49,20.49,20.49,20.49,500
HSM,28-Oct-2015,21.24,21.24,21.24,21.24,500
HSM,29-Oct-2015,21.74,21.74,21.74,21.74,500
HSM,30-Oct-2015,22.49,22.49,22.49,22.49,500
HSM,02-Nov-2015,23.49,23.49,23.49,23.49,500
HSM,05-Nov-2015,22.32,24.66,22.32,22.32,7000
HSM,06-Nov-2015,23.24,23.40,23.24,23.40,1000
HSM,09-Nov-2015,24.39,24.39,24.39,24.39,500
HSM,10-Nov-2015,25.39,25.39,25.35,25.35,1000
HSM,11-Nov-2015,26.61,26.61,24.09,26.59,1500
HSM,12-Nov-2015,27.61,27.61,27.61,27.61,500
HSM,13-Nov-2015,28.74,28.74,28.74,28.74,500
HSM,16-Nov-2015,30.00,30.00,30.00,30.00,1000
HSM,17-Nov-2015,31.50,31.50,31.50,31.50,1000
HSM,18-Nov-2015,32.99,33.07,29.93,32.99,6000
HSM,19-Nov-2015,34.47,34.47,31.35,31.35,8000
HSM,20-Nov-2015,32.79,32.79,29.79,32.40,3500
HSM,23-Nov-2015,33.74,33.74,30.80,32.62,1500
HSM,24-Nov-2015,33.99,33.99,30.99,33.79,4500
HSM,25-Nov-2015,35.24,35.24,32.11,32.11,1500
HSM,26-Nov-2015,33.37,33.37,30.51,30.51,5500
HSM,27-Nov-2015,31.47,31.47,28.99,28.99,1000
HSM,30-Nov-2015,29.80,29.80,29.80,29.80,500
HSM,01-Dec-2015,30.60,30.60,30.60,30.60,500
HSM,02-Dec-2015,29.07,32.12,29.07,32.12,2000
HSM,04-Dec-2015,32.69,32.69,30.52,32.50,2000
HSM,07-Dec-2015,33.69,33.69,30.88,30.90,2000
HSM,08-Dec-2015,32.00,32.00,29.36,31.90,1500
HSM,09-Dec-2015,30.31,32.90,30.31,30.31,3000
HSM,10-Dec-2015,31.82,31.82,28.80,31.32,4000
HSM,16-Dec-2015,32.30,32.30,32.30,32.30,500
HSM,22-Dec-2015,33.25,33.25,33.25,33.25,500
HSM,29-Dec-2015,33.50,33.50,33.00,33.00,1000
HSM,30-Dec-2015,31.36,31.36,31.36,31.36,500
HSM,31-Dec-2015,32.91,32.91,32.91,32.91,500
HSM,01-Jan-2016,33.60,33.60,31.27,31.27,1000
HSM,04-Jan-2016,29.71,29.71,29.71,29.71,1000
HSM,06-Jan-2016,27.79,27.79,27.79,27.79,2500
HSM,07-Jan-2016,26.41,26.41,26.41,26.41,1500
HSM,08-Jan-2016,25.09,25.09,25.09,25.09,2500
HSM,26-Jan-2016,25.03,25.03,25.03,25.03,1500
HSM,27-Jan-2016,26.28,26.28,26.28,26.28,500
HSM,28-Jan-2016,27.59,27.59,27.59,27.59,500
HSM,29-Jan-2016,28.96,28.96,26.22,28.96,1000
HSM,01-Feb-2016,30.40,30.40,27.52,27.52,2000
HSM,02-Feb-2016,28.89,28.89,26.15,26.15,1000
HSM,04-Feb-2016,27.35,27.35,24.79,24.79,14500
HSM,08-Feb-2016,25.95,25.95,25.00,25.80,3500
HSM,09-Feb-2016,27.09,27.09,27.09,27.09,9500
HSM,10-Feb-2016,27.99,27.99,27.99,27.99,500
HSM,11-Feb-2016,29.00,29.00,29.00,29.00,500
HSM,12-Feb-2016,30.40,30.40,30.40,30.40,500
HSM,15-Feb-2016,31.88,31.88,31.88,31.88,500
HSM,16-Feb-2016,33.20,33.20,33.20,33.20,500
HSM,17-Feb-2016,34.45,34.45,34.45,34.45,500
HSM,18-Feb-2016,36.10,36.10,36.10,36.10,500
HSM,19-Feb-2016,37.50,37.50,37.50,37.50,500
HSM,25-Feb-2016,38.95,38.95,38.95,38.95,500
HSM,26-Feb-2016,40.45,40.45,40.45,40.45,500
HSM,29-Feb-2016,38.43,41.95,38.43,41.95,1500
HSM,01-Mar-2016,39.86,43.00,39.86,43.00,1000
HSM,02-Mar-2016,40.85,40.85,40.85,40.85,1000
HSM,03-Mar-2016,38.81,38.81,38.81,38.81,500
HSM,07-Mar-2016,40.70,40.70,40.70,40.70,500
HSM,08-Mar-2016,38.67,41.00,38.67,41.00,1500
HSM,09-Mar-2016,38.95,40.98,38.95,40.98,1000
HSM,10-Mar-2016,38.94,40.96,38.94,40.96,1000
HSM,11-Mar-2016,38.92,38.92,38.92,38.92,1000
HSM,14-Mar-2016,36.98,36.98,36.98,36.98,500
HSM,18-Mar-2016,38.80,38.80,38.80,38.80,500
HSM,22-Mar-2016,39.90,39.90,39.90,39.90,500
HSM,01-Apr-2016,36.64,38.49,36.64,38.49,1000
HSM,04-Apr-2016,36.57,38.40,36.57,38.40,1500
HSM,05-Apr-2016,36.48,36.48,36.48,36.48,500
HSM,06-Apr-2016,34.66,34.66,34.66,34.66,1000
HSM,22-Apr-2016,33.88,33.88,33.88,33.88,500
HSM,25-Apr-2016,35.50,35.50,35.50,35.50,500
HSM,26-Apr-2016,33.73,37.25,33.73,37.25,1000
HSM,02-May-2016,38.64,38.64,38.64,38.64,500
HSM,03-May-2016,36.71,36.71,36.71,36.71,500
HSM,05-May-2016,33.92,33.92,33.92,33.92,500
HSM,11-May-2016,31.37,31.37,31.37,31.37,500
HSM,12-May-2016,29.81,29.81,29.81,29.81,500
HSM,13-May-2016,28.32,28.32,28.32,28.32,10000
HSM,16-May-2016,27.00,27.00,26.91,26.91,1500
HSM,17-May-2016,28.25,28.25,28.25,28.25,500
HSM,19-May-2016,29.66,29.66,29.49,29.66,10000
HSM,20-May-2016,31.14,31.14,31.14,31.14,1500
HSM,23-May-2016,32.69,32.69,32.69,32.69,2500
HSM,24-May-2016,34.32,34.32,34.32,34.32,5500
HSM,25-May-2016,36.03,36.03,36.03,36.03,3500
HSM,26-May-2016,37.83,37.83,37.83,37.83,7000
HSM,27-May-2016,39.72,39.72,39.72,39.72,2000
HSM,30-May-2016,41.70,41.70,37.74,40.08,47000
HSM,31-May-2016,39.30,39.30,38.08,39.00,12500
HSM,01-Jun-2016,38.96,38.96,38.96,38.96,500
HSM,07-Jun-2016,37.02,37.02,35.99,35.99,13000
HSM,08-Jun-2016,34.20,34.20,34.20,34.20,1000
HSM,10-Jun-2016,32.49,32.49,32.49,32.49,15000
HSM,13-Jun-2016,30.87,34.11,30.87,31.06,24000
HSM,14-Jun-2016,29.51,29.51,29.51,29.51,12000
HSM,15-Jun-2016,28.04,28.04,28.04,28.04,5500
HSM,16-Jun-2016,26.64,26.64,26.64,26.64,1500
HSM,17-Jun-2016,25.31,26.99,25.31,25.38,112500
HSM,20-Jun-2016,24.12,26.64,24.12,24.12,214500
HSM,21-Jun-2016,24.49,24.93,23.02,24.00,41500
HSM,22-Jun-2016,24.00,24.90,24.00,24.00,9500
HSM,23-Jun-2016,23.60,23.60,22.80,23.39,16000
HSM,24-Jun-2016,22.50,24.49,22.23,23.67,19000
HSM,27-Jun-2016,23.50,23.50,23.50,23.50,500
HSM,29-Jun-2016,23.51,24.64,23.50,24.64,7500
HSM,30-Jun-2016,24.50,25.87,24.50,25.86,69000
HSM,04-Jul-2016,27.15,27.15,26.90,27.15,56000
HSM,11-Jul-2016,27.01,28.50,26.95,28.32,79500
HSM,12-Jul-2016,29.30,29.32,27.45,27.80,17000
HSM,13-Jul-2016,28.49,28.80,27.01,27.63,7500
HSM,14-Jul-2016,26.27,29.01,26.27,28.92,62000
HSM,18-Jul-2016,27.56,30.24,27.56,29.34,12000
HSM,19-Jul-2016,30.15,30.80,29.00,30.80,114500
HSM,20-Jul-2016,32.34,32.34,29.26,29.31,174000
HSM,21-Jul-2016,29.75,29.75,27.85,27.85,42000
HSM,22-Jul-2016,27.01,28.45,26.46,27.72,84000
HSM,25-Jul-2016,27.72,29.10,27.60,28.93,233000
HSM,26-Jul-2016,30.05,30.37,29.55,30.37,103000
HSM,27-Jul-2016,31.85,31.88,28.86,28.86,197000
HSM,28-Jul-2016,27.42,29.25,27.42,28.05,113500
HSM,29-Jul-2016,28.74,29.44,27.55,27.74,57500
HSM,01-Aug-2016,27.50,28.00,26.40,26.67,41000
HSM,02-Aug-2016,26.15,28.00,26.12,28.00,48000
HSM,03-Aug-2016,28.50,29.40,28.00,29.34,82000
HSM,04-Aug-2016,29.75,30.00,28.01,29.43,87000
HSM,05-Aug-2016,28.71,29.50,28.45,29.00,8000
HSM,08-Aug-2016,28.00,29.50,27.90,28.11,30500
HSM,09-Aug-2016,29.39,29.39,27.50,27.59,25500
HSM,10-Aug-2016,26.80,27.50,26.22,26.32,200500
HSM,11-Aug-2016,26.40,26.79,25.01,25.32,212500
HSM,12-Aug-2016,25.59,26.40,25.11,25.60,54500
HSM,15-Aug-2016,25.99,26.80,25.10,26.61,140500
HSM,16-Aug-2016,26.75,26.80,25.50,25.67,75500
HSM,17-Aug-2016,25.50,26.21,25.41,25.60,13500
HSM,18-Aug-2016,25.50,25.50,25.00,25.05,40000
HSM,19-Aug-2016,25.10,26.30,25.09,25.61,82500
HSM,22-Aug-2016,25.32,25.33,24.33,24.64,394500
HSM,23-Aug-2016,24.50,24.94,23.41,23.51,275500
HSM,24-Aug-2016,23.65,24.67,22.86,24.17,131500
HSM,25-Aug-2016,24.00,24.45,22.97,23.04,270000
HSM,26-Aug-2016,22.27,23.50,21.89,22.01,130500
HSM,29-Aug-2016,22.40,22.58,21.70,21.96,99000
HSM,30-Aug-2016,22.37,22.37,21.50,21.71,107000
HSM,31-Aug-2016,21.70,21.95,21.23,21.59,27000
HSM,01-Sep-2016,21.99,21.99,21.20,21.33,61500
HSM,02-Sep-2016,20.65,21.68,20.65,21.26,39500
HSM,05-Sep-2016,21.87,22.32,21.61,22.32,86000
HSM,06-Sep-2016,23.00,23.40,22.50,23.22,207500
HSM,07-Sep-2016,23.45,23.50,22.50,22.74,82500
HSM,08-Sep-2016,23.10,23.59,22.36,22.56,101500
HSM,09-Sep-2016,22.80,22.85,22.01,22.44,33500
HSM,15-Sep-2016,22.65,22.69,21.71,22.41,24000
HSM,16-Sep-2016,22.55,22.80,22.10,22.52,17000
HSM,19-Sep-2016,22.00,23.00,21.81,22.88,101000
HSM,20-Sep-2016,23.00,23.28,22.40,23.13,59000
HSM,21-Sep-2016,23.15,23.50,21.98,22.05,120500
HSM,22-Sep-2016,22.50,22.68,22.37,22.38,33500
HSM,23-Sep-2016,22.00,22.70,21.80,22.09,13000
HSM,26-Sep-2016,22.51,22.84,21.50,22.41,28500
HSM,27-Sep-2016,22.02,22.35,22.00,22.34,15000
HSM,28-Sep-2016,22.34,22.34,21.91,22.19,4000
HSM,29-Sep-2016,22.10,22.29,21.09,21.23,129000
HSM,30-Sep-2016,21.97,21.97,21.20,21.50,15000
HSM,03-Oct-2016,21.70,21.80,20.60,20.96,144500
HSM,04-Oct-2016,20.60,21.40,20.60,21.07,63500
HSM,05-Oct-2016,21.00,22.12,21.00,22.10,128500
HSM,06-Oct-2016,22.55,23.04,22.00,22.98,170000
HSM,07-Oct-2016,23.30,24.00,22.73,23.10,173000
HSM,10-Oct-2016,22.65,23.39,22.01,22.63,232500
HSM,13-Oct-2016,22.51,22.98,22.50,22.73,45000
HSM,14-Oct-2016,22.20,22.86,22.20,22.69,26000
HSM,17-Oct-2016,22.66,22.70,22.30,22.32,26000
HSM,18-Oct-2016,22.40,22.40,21.35,21.59,68500
HSM,19-Oct-2016,21.36,22.14,21.36,21.74,60000
HSM,20-Oct-2016,21.99,22.15,21.66,21.81,49000
HSM,21-Oct-2016,22.25,22.44,21.82,22.08,162500
HSM,24-Oct-2016,22.05,22.05,21.65,21.90,32000
HSM,25-Oct-2016,21.21,21.69,21.01,21.32,46000
HSM,26-Oct-2016,21.59,21.88,21.36,21.69,80000
HSM,27-Oct-2016,21.50,21.50,20.61,20.64,158000
HSM,28-Oct-2016,19.70,20.40,19.61,20.20,19000
HSM,31-Oct-2016,20.46,20.47,19.50,19.97,24500
HSM,01-Nov-2016,20.00,20.94,20.00,20.77,80500
HSM,02-Nov-2016,21.15,21.40,20.72,20.87,73500
HSM,03-Nov-2016,21.10,21.52,21.10,21.40,95500
HSM,04-Nov-2016,21.90,22.47,21.74,22.47,142000
HSM,07-Nov-2016,23.59,23.59,23.59,23.59,18500
HSM,08-Nov-2016,24.76,24.76,24.76,24.76,21500
HSM,09-Nov-2016,25.49,25.99,23.80,25.99,454500
HSM,10-Nov-2016,27.28,27.28,27.28,27.28,48500
HSM,11-Nov-2016,28.64,28.64,27.00,27.66,485500
HSM,14-Nov-2016,27.31,27.99,26.28,26.28,221000
HSM,15-Nov-2016,25.55,26.24,25.15,26.03,102000
HSM,16-Nov-2016,26.26,27.33,25.51,27.33,272000
HSM,17-Nov-2016,28.39,28.69,27.51,28.69,267000
HSM,18-Nov-2016,29.00,30.12,29.00,30.12,159000
HSM,21-Nov-2016,31.62,31.62,31.62,31.62,39000
HSM,22-Nov-2016,33.20,33.20,31.00,33.20,525500
HSM,23-Nov-2016,34.70,34.70,32.80,33.73,269000
HSM,24-Nov-2016,33.90,34.20,32.06,32.13,376500
HSM,25-Nov-2016,33.00,33.40,31.17,31.42,158500
HSM,28-Nov-2016,31.50,31.90,31.25,31.71,46500
HSM,29-Nov-2016,31.89,33.20,31.70,31.71,46500
HSM,30-Nov-2016,32.00,32.45,31.75,32.12,80000
HSM,01-Dec-2016,32.01,32.50,31.75,31.98,37500
HSM,02-Dec-2016,31.65,32.70,31.65,31.69,14000
HSM,05-Dec-2016,31.25,32.30,30.50,30.80,38500
HSM,06-Dec-2016,30.60,31.90,30.26,30.56,39000
HSM,07-Dec-2016,30.90,30.90,30.00,30.13,57000
HSM,08-Dec-2016,30.01,30.10,29.01,29.26,55000
HSM,09-Dec-2016,28.75,29.50,28.31,28.89,82500
HSM,13-Dec-2016,29.00,29.19,28.68,28.85,59500
HSM,14-Dec-2016,28.50,28.75,28.35,28.54,31000
HSM,15-Dec-2016,28.05,28.49,27.50,27.70,71000
HSM,16-Dec-2016,27.05,27.50,27.00,27.31,42500
HSM,19-Dec-2016,27.60,28.63,27.40,28.13,25500
HSM,20-Dec-2016,28.70,29.53,28.70,29.53,40000
HSM,21-Dec-2016,30.98,31.00,30.50,31.00,132000
HSM,22-Dec-2016,32.55,32.55,31.00,31.10,156500
HSM,23-Dec-2016,31.50,31.60,30.10,30.28,30000
HSM,26-Dec-2016,30.10,31.00,30.10,30.33,13000
HSM,27-Dec-2016,30.50,30.99,30.01,30.32,23000
HSM,28-Dec-2016,30.05,31.00,30.00,30.51,61500
HSM,29-Dec-2016,30.41,30.80,30.40,30.62,42000
HSM,30-Dec-2016,30.40,30.73,29.70,30.06,22500
HSM,02-Jan-2017,30.99,31.56,29.75,31.40,97000
HSM,03-Jan-2017,31.75,31.75,30.33,30.53,33500
HSM,04-Jan-2017,31.00,31.00,29.90,30.00,61000
HSM,05-Jan-2017,30.00,30.85,29.50,30.24,85500
HSM,06-Jan-2017,30.85,31.75,28.73,28.74,305000
HSM,09-Jan-2017,28.70,28.99,27.51,27.84,155000
HSM,10-Jan-2017,28.00,28.45,27.91,28.06,47500
HSM,11-Jan-2017,28.06,28.30,27.80,28.00,98000
HSM,12-Jan-2017,27.81,28.25,27.70,28.07,89500
HSM,13-Jan-2017,28.25,28.25,27.25,27.48,39000
HSM,16-Jan-2017,27.40,27.50,26.75,26.81,23000
HSM,17-Jan-2017,26.51,26.95,26.00,26.95,54500
HSM,18-Jan-2017,27.00,28.29,27.00,28.29,70000
HSM,19-Jan-2017,29.24,29.25,28.40,28.47,58500
HSM,20-Jan-2017,28.99,28.99,28.26,28.49,46000
HSM,23-Jan-2017,28.84,29.00,28.16,28.66,86000
HSM,24-Jan-2017,28.25,30.09,28.16,30.09,106000
HSM,25-Jan-2017,31.59,31.59,31.59,31.59,19500
HSM,26-Jan-2017,33.16,33.16,33.16,33.16,3000
HSM,27-Jan-2017,34.81,34.81,31.51,31.69,563000
HSM,30-Jan-2017,31.00,32.99,31.00,32.16,219500
HSM,31-Jan-2017,32.40,33.76,31.25,33.76,269000
HSM,01-Feb-2017,35.44,35.44,34.60,35.44,500500
HSM,02-Feb-2017,37.21,37.21,37.21,37.21,25500
HSM,03-Feb-2017,39.07,39.07,39.07,39.07,78000
HSM,06-Feb-2017,41.02,41.02,41.02,41.02,14500
HSM,07-Feb-2017,43.07,43.07,43.07,43.07,5000
HSM,08-Feb-2017,45.22,45.22,42.00,45.22,810500
HSM,09-Feb-2017,47.48,47.48,45.40,47.48,302500
HSM,10-Feb-2017,49.80,49.85,45.11,45.35,290000
HSM,13-Feb-2017,43.09,47.61,43.09,47.51,534500
HSM,14-Feb-2017,49.00,49.30,45.20,46.96,130500
HSM,15-Feb-2017,48.80,49.30,47.05,49.27,269000
HSM,16-Feb-2017,51.20,51.20,48.02,48.85,85500
HSM,17-Feb-2017,48.00,48.50,46.41,46.81,184500
HSM,20-Feb-2017,47.49,47.97,45.03,45.45,158500
HSM,21-Feb-2017,45.00,47.72,44.10,46.78,279500
HSM,22-Feb-2017,46.85,47.49,44.74,45.18,154500
HSM,23-Feb-2017,43.92,44.99,42.93,44.19,108500
HSM,24-Feb-2017,46.00,46.25,43.00,43.69,99000
HSM,27-Feb-2017,43.70,45.87,41.51,44.72,196000
HSM,28-Feb-2017,44.99,45.29,43.60,44.38,84000
HSM,01-Mar-2017,45.75,45.99,44.21,44.81,96500
HSM,02-Mar-2017,44.99,45.00,42.72,43.34,100000
HSM,03-Mar-2017,42.58,43.50,42.00,42.88,28000
HSM,06-Mar-2017,44.90,44.90,41.65,42.01,39500
HSM,07-Mar-2017,41.50,42.00,41.00,41.33,35000
HSM,08-Mar-2017,41.38,42.00,40.10,40.22,21000
HSM,09-Mar-2017,39.20,39.95,38.25,38.42,116000
HSM,10-Mar-2017,38.00,38.00,36.50,36.63,90500
HSM,13-Mar-2017,36.00,36.05,35.75,35.98,65500
HSM,14-Mar-2017,35.78,36.49,35.05,35.91,63000
HSM,15-Mar-2017,36.90,37.20,36.75,37.00,12500
HSM,16-Mar-2017,37.00,37.00,35.55,35.95,19500
HSM,20-Mar-2017,37.05,39.36,37.05,39.36,91000
HSM,21-Mar-2017,41.32,41.32,41.32,41.32,2500
HSM,22-Mar-2017,43.38,43.38,43.38,43.38,57000
HSM,24-Mar-2017,45.54,45.54,45.54,45.54,15000
HSM,27-Mar-2017,47.81,47.81,43.27,47.81,215500
HSM,28-Mar-2017,49.95,50.09,47.00,49.05,365500
HSM,29-Mar-2017,49.50,49.99,46.66,47.00,85000
HSM,30-Mar-2017,48.00,48.00,44.65,44.67,87000
HSM,31-Mar-2017,44.00,46.49,42.50,46.27,50500
HSM,03-Apr-2017,46.00,46.00,43.96,43.96,96000
HSM,04-Apr-2017,42.80,44.50,41.77,41.84,105000
HSM,05-Apr-2017,41.25,42.49,41.25,41.88,53000
HSM,06-Apr-2017,41.10,41.10,39.79,40.98,69500
HSM,07-Apr-2017,41.25,43.00,41.00,42.00,22000
HSM,10-Apr-2017,42.10,42.45,41.02,42.00,66000
HSM,11-Apr-2017,42.50,44.10,42.50,44.10,65500
HSM,12-Apr-2017,44.90,46.30,44.90,46.02,78000
HSM,13-Apr-2017,46.00,47.40,45.00,46.23,62000
HSM,14-Apr-2017,46.00,47.99,46.00,46.69,73000
HSM,17-Apr-2017,45.08,48.00,45.00,47.31,54000
HSM,18-Apr-2017,47.49,47.49,46.01,46.40,23500
HSM,19-Apr-2017,44.21,46.78,44.20,46.72,31500
HSM,20-Apr-2017,45.51,48.00,45.26,47.42,65500
HSM,21-Apr-2017,48.00,49.40,47.00,48.77,162000
HSM,24-Apr-2017,48.60,49.50,47.65,49.11,88500
HSM,25-Apr-2017,49.00,49.00,46.70,47.83,35000
HSM,26-Apr-2017,47.00,48.50,46.99,47.60,91500
HSM,27-Apr-2017,47.30,48.50,47.30,48.00,23000
HSM,28-Apr-2017,47.50,47.95,46.31,47.16,54500
HSM,02-May-2017,47.00,49.51,46.40,49.50,194000
HSM,03-May-2017,51.97,51.97,51.97,51.97,118500
HSM,04-May-2017,54.56,54.56,54.56,54.56,74000
HSM,05-May-2017,57.28,57.28,55.55,57.28,279000
HSM,08-May-2017,59.73,59.73,54.43,57.36,341000
HSM,09-May-2017,57.70,58.50,54.70,57.38,205500
HSM,10-May-2017,56.10,57.00,55.60,56.01,165500
HSM,11-May-2017,55.98,58.81,54.30,58.81,173000
HSM,12-May-2017,61.75,61.75,61.75,61.75,1000
HSM,15-May-2017,64.83,64.83,64.83,64.83,5000
HSM,16-May-2017,68.07,68.07,68.07,68.07,3000
HSM,17-May-2017,71.47,71.47,71.47,71.47,69000
HSM,18-May-2017,75.04,75.04,70.10,74.97,1668000
HSM,19-May-2017,74.99,78.71,73.11,78.46,879000
HSM,22-May-2017,79.50,82.38,79.27,82.38,480000
HSM,23-May-2017,84.00,86.49,83.26,86.49,170000
HSM,24-May-2017,88.84,90.81,82.17,82.17,1047500
HSM,25-May-2017,80.00,86.27,78.30,82.71,489500
HSM,26-May-2017,82.10,85.94,80.50,82.19,249500
HSM,29-May-2017,80.11,81.00,78.09,78.11,86500
HSM,30-May-2017,74.21,79.00,74.21,74.21,276500
HSM,31-May-2017,73.88,73.88,70.50,70.58,169000
HSM,01-Jun-2017,68.98,71.00,67.06,67.06,135000
HSM,02-Jun-2017,50.92,56.20,50.92,52.82,89500
HSM,05-Jun-2017,55.39,55.46,54.45,55.46,88000
HSM,06-Jun-2017,58.23,58.23,57.00,58.23,93500
HSM,07-Jun-2017,61.14,61.14,61.00,61.14,36000
HSM,08-Jun-2017,64.19,64.19,64.19,64.19,22000
HSM,09-Jun-2017,67.39,67.39,67.39,67.39,32500
HSM,12-Jun-2017,66.90,66.90,64.03,64.03,53000
HSM,13-Jun-2017,60.83,63.85,60.83,60.95,188500
HSM,14-Jun-2017,60.70,62.00,57.91,57.91,33000
HSM,15-Jun-2017,55.09,55.09,55.02,55.02,4500
HSM,16-Jun-2017,52.29,57.63,52.27,52.27,101500
HSM,19-Jun-2017,49.66,51.49,49.66,49.78,157500
HSM,20-Jun-2017,47.87,49.49,47.30,47.30,41000
HSM,21-Jun-2017,44.94,45.00,44.94,44.94,11000
HSM,22-Jun-2017,43.20,46.99,42.70,43.04,149500
HSM,29-Jun-2017,41.75,41.75,40.89,40.90,40000
HSM,30-Jun-2017,41.80,42.94,40.05,42.94,16000
HSM,03-Jul-2017,43.75,45.08,41.20,41.20,80500
HSM,04-Jul-2017,42.90,43.26,42.00,43.19,74500
HSM,05-Jul-2017,44.00,45.34,44.00,45.34,86000
HSM,06-Jul-2017,47.60,47.60,47.60,47.60,51500
HSM,07-Jul-2017,49.98,49.98,46.50,47.55,138500
HSM,10-Jul-2017,46.50,48.39,45.18,46.16,92500
HSM,11-Jul-2017,47.00,47.00,43.86,43.86,22500
HSM,12-Jul-2017,42.27,43.50,41.67,42.19,62500
HSM,13-Jul-2017,42.21,44.29,42.21,44.29,102000
HSM,14-Jul-2017,45.50,45.50,44.01,45.11,42500
HSM,17-Jul-2017,45.20,47.36,45.20,47.36,33500
HSM,18-Jul-2017,49.72,49.72,49.72,49.72,37000
HSM,19-Jul-2017,52.20,52.20,52.20,52.20,29000
HSM,20-Jul-2017,54.81,54.81,51.00,54.81,306000
HSM,21-Jul-2017,57.00,57.15,52.08,53.97,345000
HSM,24-Jul-2017,54.00,54.20,51.28,51.84,202000
HSM,25-Jul-2017,51.31,52.00,49.25,49.76,155000
HSM,26-Jul-2017,49.20,52.24,48.00,52.13,279500
HSM,27-Jul-2017,53.30,54.69,51.00,52.05,296500
HSM,28-Jul-2017,49.45,52.95,49.45,51.67,166500
HSM,31-Jul-2017,53.48,53.50,50.50,51.04,108000
HSM,01-Aug-2017,50.01,50.01,48.49,48.55,205500
HSM,02-Aug-2017,48.99,50.50,47.15,48.84,181000
HSM,03-Aug-2017,48.50,48.50,47.77,47.95,56000
HSM,04-Aug-2017,48.75,49.25,47.80,48.01,60000
HSM,07-Aug-2017,48.50,48.50,47.25,47.75,32000
HSM,08-Aug-2017,47.16,49.75,47.12,47.85,115000
HSM,09-Aug-2017,47.50,49.00,47.50,48.69,53000
HSM,10-Aug-2017,48.50,51.12,47.81,49.96,133000
HSM,11-Aug-2017,50.00,51.75,50.00,50.30,101000
HSM,15-Aug-2017,49.55,49.55,47.79,47.79,24000
HSM,16-Aug-2017,48.40,48.89,46.10,48.00,32500
HSM,17-Aug-2017,47.75,47.75,45.60,46.16,23000
HSM,18-Aug-2017,44.25,45.98,43.86,45.00,10500
HSM,21-Aug-2017,45.80,45.85,42.75,42.75,31500
HSM,22-Aug-2017,40.65,41.50,40.62,40.62,72500
HSM,23-Aug-2017,42.00,42.39,41.25,41.90,36000
HSM,24-Aug-2017,41.71,42.99,40.50,40.69,59000
HSM,25-Aug-2017,40.11,41.75,39.50,40.76,41000
HSM,28-Aug-2017,41.20,41.20,40.00,40.55,12500
HSM,29-Aug-2017,38.60,40.39,38.53,38.53,42000
HSM,30-Aug-2017,39.70,39.73,36.66,37.11,54500
HSM,31-Aug-2017,37.95,38.90,37.75,38.90,6500
HSM,05-Sep-2017,40.69,40.69,39.02,40.27,9500
HSM,06-Sep-2017,41.48,41.48,39.55,40.28,13000
HSM,07-Sep-2017,40.98,40.98,38.27,38.85,28500
HSM,08-Sep-2017,39.40,40.75,39.00,40.00,9000
HSM,11-Sep-2017,41.00,41.00,39.50,39.98,10500
HSM,12-Sep-2017,41.00,41.20,40.00,40.40,25500
HSM,13-Sep-2017,41.50,42.00,39.87,40.01,148000
HSM,14-Sep-2017,40.00,40.30,38.10,39.01,21500
HSM,15-Sep-2017,39.48,39.94,38.00,38.31,49500
HSM,18-Sep-2017,39.75,39.75,37.22,37.92,19500
HSM,19-Sep-2017,37.61,38.70,37.61,38.41,33000
HSM,20-Sep-2017,38.01,38.50,38.00,38.20,16500
HSM,21-Sep-2017,38.20,38.50,37.82,37.99,7000
HSM,22-Sep-2017,38.40,38.40,37.20,38.30,19500
HSM,25-Sep-2017,38.48,38.83,37.50,37.68,21500
HSM,26-Sep-2017,36.55,37.99,36.55,37.00,8000
HSM,27-Sep-2017,37.00,37.50,35.15,35.19,58000
HSM,28-Sep-2017,35.50,35.99,34.41,34.88,51000
HSM,29-Sep-2017,34.51,35.99,34.27,34.95,6500
HSM,02-Oct-2017,35.00,35.38,34.31,34.80,22500
HSM,03-Oct-2017,34.00,34.98,34.00,34.55,18000
HSM,04-Oct-2017,34.01,34.65,32.83,32.93,56000
HSM,05-Oct-2017,32.44,32.99,31.51,31.99,36000
HSM,06-Oct-2017,32.40,33.58,32.40,33.07,50500
HSM,09-Oct-2017,32.90,33.00,31.82,32.33,37000
HSM,10-Oct-2017,32.25,32.40,32.25,32.35,83000
HSM,11-Oct-2017,32.31,32.89,32.25,32.27,21000
HSM,12-Oct-2017,32.30,32.49,32.25,32.29,28500
HSM,13-Oct-2017,32.25,32.55,32.00,32.10,9000
HSM,16-Oct-2017,32.30,33.49,31.80,32.76,12500
HSM,17-Oct-2017,33.00,33.00,31.65,32.23,25000
HSM,18-Oct-2017,31.11,31.79,30.62,31.38,20000
HSM,19-Oct-2017,32.00,32.20,31.50,32.03,26000
HSM,20-Oct-2017,32.05,33.09,32.05,33.05,15000
HSM,23-Oct-2017,32.50,33.40,31.85,32.28,16500
HSM,24-Oct-2017,31.56,32.40,31.56,32.40,5000
HSM,25-Oct-2017,31.52,32.28,31.00,32.28,36500
HSM,26-Oct-2017,32.49,32.49,31.60,31.80,10500
HSM,27-Oct-2017,31.50,32.80,31.50,32.08,4500
HSM,30-Oct-2017,32.00,32.40,31.50,32.34,14000
HSM,31-Oct-2017,31.56,31.99,31.00,31.08,23500
HSM,01-Nov-2017,31.51,32.62,31.51,32.59,28500
HSM,02-Nov-2017,32.20,34.21,31.80,33.99,33000
HSM,03-Nov-2017,34.99,34.99,34.00,34.09,19000
HSM,06-Nov-2017,34.50,35.45,34.49,34.70,30500
HSM,07-Nov-2017,35.00,35.90,35.00,35.81,8500
HSM,08-Nov-2017,36.38,37.60,36.38,37.60,21500
HSM,09-Nov-2017,39.39,39.48,38.00,39.48,57500
HSM,10-Nov-2017,40.10,40.10,38.50,38.64,28000
HSM,13-Nov-2017,37.50,40.20,37.20,39.55,19500
HSM,14-Nov-2017,38.95,39.00,38.10,38.25,18500
HSM,15-Nov-2017,39.10,39.25,38.50,38.50,8500
HSM,16-Nov-2017,38.00,38.85,37.76,38.60,5000
HSM,17-Nov-2017,38.00,39.00,38.00,39.00,7500
HSM,20-Nov-2017,39.94,39.94,37.91,39.93,10500
HSM,21-Nov-2017,39.05,39.85,37.94,39.00,19000
HSM,22-Nov-2017,38.05,38.49,37.17,38.21,10500
HSM,23-Nov-2017,38.00,38.40,37.80,38.39,3500
HSM,24-Nov-2017,37.56,39.89,37.05,38.56,15000
HSM,27-Nov-2017,36.67,40.00,36.67,39.78,56500
HSM,28-Nov-2017,38.53,38.87,38.40,38.50,54000
HSM,29-Nov-2017,39.26,39.26,37.60,38.00,22500
HSM,30-Nov-2017,37.21,39.90,36.55,39.90,87500
HSM,04-Dec-2017,41.05,41.89,39.49,41.89,261500
HSM,05-Dec-2017,43.35,43.87,41.00,43.05,211500
HSM,06-Dec-2017,43.50,43.50,41.90,42.90,164000
HSM,07-Dec-2017,43.49,43.49,41.10,41.66,87000
HSM,08-Dec-2017,41.10,41.51,39.65,39.93,61000
HSM,11-Dec-2017,40.60,40.60,37.94,37.94,23500
HSM,12-Dec-2017,37.30,37.70,36.40,37.38,22500
HSM,13-Dec-2017,37.40,39.24,37.40,39.24,23500
HSM,14-Dec-2017,41.15,41.15,39.00,39.39,65500
HSM,15-Dec-2017,39.60,40.00,38.45,39.00,14000
HSM,18-Dec-2017,38.50,38.99,37.10,37.55,47000
HSM,19-Dec-2017,36.73,37.01,36.11,36.72,16500
HSM,20-Dec-2017,38.00,38.00,34.89,34.89,50000
HSM,21-Dec-2017,33.15,33.15,33.15,33.15,14000
HSM,22-Dec-2017,31.50,33.15,31.50,31.50,66000
HSM,26-Dec-2017,30.60,32.00,30.50,31.50,30500
HSM,27-Dec-2017,31.60,31.60,29.93,29.93,77000
HSM,28-Dec-2017,29.11,30.97,28.66,30.44,69000
HSM,29-Dec-2017,29.30,30.19,29.26,29.50,18000
HSM,01-Jan-2018,30.37,30.97,30.37,30.97,51000
HSM,02-Jan-2018,31.84,32.01,31.00,31.52,24500
HSM,03-Jan-2018,31.50,31.70,31.00,31.16,17500
HSM,04-Jan-2018,30.15,31.42,30.15,30.24,18000
HSM,05-Jan-2018,30.11,30.40,29.00,29.41,80500
HSM,08-Jan-2018,30.21,30.75,30.00,30.24,54000
HSM,09-Jan-2018,30.00,30.00,29.00,29.50,33000
HSM,10-Jan-2018,29.85,30.45,29.85,30.36,68500
HSM,11-Jan-2018,30.69,31.87,30.30,31.87,81000
HSM,12-Jan-2018,33.00,33.46,32.01,32.11,144000
HSM,15-Jan-2018,31.20,32.50,31.05,32.00,30000
HSM,16-Jan-2018,32.00,32.65,31.91,31.96,10500
HSM,17-Jan-2018,31.75,31.89,31.20,31.53,14000
HSM,18-Jan-2018,31.90,33.10,31.60,33.00,111500
HSM,19-Jan-2018,34.65,34.65,33.45,34.65,164500
HSM,22-Jan-2018,35.34,35.99,34.50,34.95,85500
HSM,23-Jan-2018,36.50,36.50,34.20,35.00,49500
HSM,24-Jan-2018,35.89,36.50,34.50,35.73,109000
HSM,25-Jan-2018,36.34,37.48,34.75,35.39,91500
HSM,26-Jan-2018,36.40,37.15,33.63,33.63,64500
HSM,29-Jan-2018,31.95,31.95,31.95,31.95,11500
HSM,30-Jan-2018,30.36,31.99,30.36,30.77,243000
HSM,31-Jan-2018,30.16,31.50,30.16,30.59,58000
HSM,01-Feb-2018,31.00,31.50,30.50,30.76,134000
HSM,02-Feb-2018,30.50,31.80,30.32,31.52,62500
HSM,06-Feb-2018,31.51,31.51,30.10,30.66,196000
HSM,07-Feb-2018,30.26,30.98,30.26,30.48,78000
HSM,08-Feb-2018,30.50,30.50,29.25,29.90,34000
HSM,09-Feb-2018,29.80,30.45,29.30,29.59,32500
HSM,12-Feb-2018,30.00,30.09,29.38,29.52,26000
HSM,13-Feb-2018,29.99,29.99,29.11,29.43,41000
HSM,14-Feb-2018,29.20,30.00,28.52,29.68,82500
HSM,15-Feb-2018,29.90,29.90,28.81,28.87,12000
HSM,16-Feb-2018,28.99,30.31,28.54,29.59,158500
HSM,19-Feb-2018,29.80,30.12,28.53,28.64,136500
HSM,20-Feb-2018,29.30,29.30,28.05,28.63,16000
HSM,21-Feb-2018,29.25,29.50,28.55,28.90,25000
HSM,22-Feb-2018,28.99,29.80,28.71,29.26,27500
HSM,23-Feb-2018,29.01,29.69,28.51,28.71,20000
HSM,26-Feb-2018,29.00,29.39,27.30,27.98,68000
HSM,27-Feb-2018,28.89,28.89,27.50,27.75,63500
HSM,28-Feb-2018,27.99,28.00,27.61,27.61,28500
HSM,01-Mar-2018,28.34,28.35,27.50,27.50,48500
HSM,02-Mar-2018,28.00,28.87,27.70,28.50,50500
HSM,05-Mar-2018,28.20,29.49,28.20,29.10,17500
HSM,06-Mar-2018,29.35,29.35,28.65,29.10,8500
HSM,07-Mar-2018,28.51,29.19,28.50,28.60,11500
HSM,08-Mar-2018,29.14,29.14,28.31,28.65,16500
HSM,09-Mar-2018,29.00,29.50,28.05,28.82,22000
HSM,12-Mar-2018,28.90,28.90,28.90,28.90,500
HSM,13-Mar-2018,28.11,28.88,28.11,28.60,11000
HSM,14-Mar-2018,29.20,29.20,28.51,28.90,64000
HSM,15-Mar-2018,28.05,29.40,28.00,28.80,54500
HSM,16-Mar-2018,29.97,29.97,28.00,28.33,24500
HSM,19-Mar-2018,28.33,28.79,28.26,28.53,1500
HSM,20-Mar-2018,28.50,29.38,28.50,28.92,27000
HSM,21-Mar-2018,29.00,29.15,28.60,28.65,10500
HSM,22-Mar-2018,28.10,28.99,28.00,28.65,40500
HSM,26-Mar-2018,29.20,29.20,28.50,28.88,12000
HSM,27-Mar-2018,28.65,29.25,28.15,28.29,60500
HSM,28-Mar-2018,28.69,28.95,28.27,28.86,16000
HSM,29-Mar-2018,28.40,29.18,28.40,28.93,28000
HSM,30-Mar-2018,28.40,29.47,28.30,29.07,26500
HSM,02-Apr-2018,28.41,30.52,28.41,30.52,238000
HSM,03-Apr-2018,31.45,31.45,30.00,30.09,70500
HSM,04-Apr-2018,30.00,31.40,29.51,30.81,83500
HSM,05-Apr-2018,31.30,31.30,30.38,30.59,34500
HSM,06-Apr-2018,31.20,31.70,30.50,31.51,37500
HSM,09-Apr-2018,32.00,32.00,30.77,31.31,27000
HSM,10-Apr-2018,30.60,31.00,30.50,30.84,45500
HSM,11-Apr-2018,31.00,32.38,31.00,32.38,178000
HSM,12-Apr-2018,33.05,33.80,32.00,33.23,141000
HSM,13-Apr-2018,33.60,33.60,32.00,32.35,30500
HSM,16-Apr-2018,32.25,32.79,31.52,31.72,51500
HSM,17-Apr-2018,31.10,32.25,31.10,32.00,14000
HSM,18-Apr-2018,32.25,32.40,32.00,32.20,4500
HSM,19-Apr-2018,32.05,32.29,31.00,31.99,38500
HSM,20-Apr-2018,32.00,32.49,31.51,32.49,39500
HSM,23-Apr-2018,32.00,34.10,30.87,30.90,225000
HSM,24-Apr-2018,31.00,32.44,30.10,32.44,70000
HSM,25-Apr-2018,33.80,34.06,33.33,34.06,201500
HSM,26-Apr-2018,35.70,35.76,34.10,34.42,193000
HSM,27-Apr-2018,34.01,34.40,33.01,34.04,45500
HSM,30-Apr-2018,33.76,34.50,33.57,33.99,20000
HSM,02-May-2018,34.00,34.24,33.50,33.93,43500
HSM,03-May-2018,33.74,33.74,33.00,33.12,43000
HSM,04-May-2018,33.99,33.99,32.56,32.77,5000
HSM,07-May-2018,33.69,33.70,32.20,32.41,9500
HSM,08-May-2018,32.00,32.02,30.79,30.85,62000
HSM,09-May-2018,31.00,31.00,29.31,29.66,24000
HSM,10-May-2018,29.90,29.94,29.10,29.29,10500
HSM,11-May-2018,29.10,29.50,28.40,29.50,13000
HSM,14-May-2018,28.75,29.25,28.03,28.03,24000
HSM,15-May-2018,27.60,27.79,27.05,27.56,18000
HSM,16-May-2018,27.79,28.00,27.52,27.52,9500
HSM,18-May-2018,27.01,27.50,26.56,27.24,14500
HSM,21-May-2018,27.03,27.03,27.00,27.00,2500
HSM,22-May-2018,26.83,27.65,26.83,27.49,16000
HSM,23-May-2018,27.98,27.98,27.35,27.35,3000
HSM,24-May-2018,27.50,27.51,27.26,27.26,3000
HSM,28-May-2018,27.00,27.70,26.65,27.70,52500
HSM,29-May-2018,27.75,27.94,26.32,26.32,27000
HSM,30-May-2018,25.01,25.01,25.01,25.01,9000
HSM,31-May-2018,23.82,25.25,23.82,24.94,226500
HSM,01-Jun-2018,25.50,25.80,25.20,25.72,15500
HSM,04-Jun-2018,25.50,25.50,25.00,25.05,15500
HSM,05-Jun-2018,24.61,25.39,24.61,25.05,4500
HSM,06-Jun-2018,25.01,25.01,24.62,24.90,14000
HSM,07-Jun-2018,25.25,25.25,24.50,24.85,17500
HSM,11-Jun-2018,25.00,25.00,24.15,24.55,5000
HSM,12-Jun-2018,24.05,24.05,23.60,23.60,6500
HSM,13-Jun-2018,23.50,24.50,23.50,24.16,22500
HSM,14-Jun-2018,24.89,25.34,24.89,25.34,16500
HSM,19-Jun-2018,25.00,25.00,25.00,25.00,4000
HSM,20-Jun-2018,25.00,25.00,25.00,25.00,4000
HSM,21-Jun-2018,24.01,24.87,23.85,23.89,54500
HSM,22-Jun-2018,24.05,24.05,23.10,23.14,9000
HSM,25-Jun-2018,23.10,23.75,22.50,23.75,8000
HSM,26-Jun-2018,22.71,23.00,22.57,22.59,108500
HSM,27-Jun-2018,22.05,22.50,22.05,22.25,20000
HSM,28-Jun-2018,22.70,23.36,22.30,23.32,29500
HSM,29-Jun-2018,23.00,23.34,22.50,22.59,49000
HSM,02-Jul-2018,23.48,23.48,22.60,22.73,19000
HSM,03-Jul-2018,23.00,23.00,22.60,23.00,9500
HSM,04-Jul-2018,23.00,23.00,22.14,22.83,21500
HSM,05-Jul-2018,23.20,23.20,22.41,22.42,4000
HSM,09-Jul-2018,21.51,22.11,21.30,21.54,12000
HSM,11-Jul-2018,21.10,22.11,21.10,22.11,2500
HSM,12-Jul-2018,21.98,21.98,21.45,21.80,1500
HSM,16-Jul-2018,22.49,22.49,22.49,22.49,500
HSM,17-Jul-2018,22.11,22.45,21.51,21.87,7500
HSM,18-Jul-2018,21.47,22.96,21.47,22.83,11000
HSM,19-Jul-2018,23.50,23.50,23.20,23.20,4500
HSM,20-Jul-2018,22.12,22.99,22.04,22.15,12000
HSM,23-Jul-2018,22.50,22.71,22.50,22.71,1000
HSM,24-Jul-2018,22.20,22.69,21.64,22.50,9000
HSM,26-Jul-2018,22.05,22.50,22.00,22.00,10500
HSM,27-Jul-2018,21.55,22.50,21.55,22.50,7500
HSM,30-Jul-2018,22.30,23.60,22.30,22.98,23000
HSM,31-Jul-2018,22.65,22.80,21.84,21.84,40000
HSM,01-Aug-2018,21.50,21.86,21.10,21.86,7500
HSM,02-Aug-2018,21.25,22.95,21.25,22.27,19500
HSM,03-Aug-2018,22.89,23.00,22.52,22.87,14000
HSM,06-Aug-2018,22.60,23.30,22.01,22.56,13500
HSM,07-Aug-2018,22.80,23.25,22.50,23.04,20000
HSM,08-Aug-2018,23.79,23.79,22.52,23.28,15500
HSM,09-Aug-2018,23.50,23.99,23.21,23.40,21000
HSM,10-Aug-2018,23.53,23.93,23.25,23.25,4000
HSM,13-Aug-2018,23.20,23.99,23.00,23.20,8000
HSM,15-Aug-2018,22.96,23.75,22.87,22.93,4000
HSM,16-Aug-2018,22.66,22.99,22.26,22.51,11500
HSM,17-Aug-2018,22.50,23.00,22.50,23.00,3500
HSM,20-Aug-2018,22.99,22.99,22.60,22.65,4500
HSM,24-Aug-2018,22.76,22.76,22.76,22.76,500
HSM,28-Aug-2018,22.13,23.35,22.13,22.99,8500
HSM,29-Aug-2018,22.30,22.35,22.30,22.33,5500
HSM,30-Aug-2018,21.81,22.35,21.80,22.20,7500
HSM,31-Aug-2018,22.50,22.85,21.13,22.15,9000
HSM,03-Sep-2018,22.45,22.50,22.01,22.01,3000
HSM,05-Sep-2018,21.50,21.59,21.05,21.21,17500
HSM,06-Sep-2018,20.30,21.30,20.20,20.58,4000
HSM,07-Sep-2018,20.00,21.60,20.00,21.45,16000
HSM,10-Sep-2018,22.00,22.00,20.45,21.20,1500
HSM,12-Sep-2018,21.30,21.30,20.31,20.53,2500
HSM,14-Sep-2018,21.30,21.50,21.30,21.50,2500
HSM,17-Sep-2018,20.65,21.00,20.65,20.83,3500
HSM,18-Sep-2018,20.00,20.85,19.89,20.17,13000
HSM,24-Sep-2018,20.00,20.00,19.60,19.73,3000
HSM,25-Sep-2018,19.65,19.80,19.65,19.80,1500
HSM,26-Sep-2018,19.16,19.16,19.11,19.11,1500
HSM,28-Sep-2018,19.11,19.11,18.50,18.50,2000
HSM,01-Oct-2018,18.01,19.50,17.50,19.40,43500
HSM,02-Oct-2018,19.00,19.84,19.00,19.84,1500
HSM,03-Oct-2018,20.00,20.00,19.50,19.55,6000
HSM,04-Oct-2018,19.25,19.25,19.00,19.25,3500
HSM,05-Oct-2018,19.05,19.05,19.05,19.05,1000
HSM,08-Oct-2018,19.79,19.79,19.75,19.75,5500
HSM,09-Oct-2018,18.77,18.77,18.75,18.75,14500
HSM,10-Oct-2018,17.75,19.75,17.75,18.87,133500
HSM,11-Oct-2018,19.50,19.87,18.35,19.87,168500
HSM,12-Oct-2018,20.87,20.87,19.00,19.74,26500
HSM,15-Oct-2018,19.10,19.10,18.74,18.74,3000
HSM,16-Oct-2018,18.60,19.70,18.60,18.91,4000
HSM,17-Oct-2018,19.60,19.60,19.60,19.60,2500
HSM,18-Oct-2018,19.00,19.00,18.86,18.95,4500
HSM,19-Oct-2018,19.05,19.95,19.05,19.41,8500
HSM,22-Oct-2018,19.80,20.41,19.40,20.41,82000
HSM,23-Oct-2018,20.99,21.43,20.00,20.88,43500
HSM,24-Oct-2018,21.00,21.90,21.00,21.80,14000
HSM,25-Oct-2018,22.00,22.02,21.75,22.00,10000
HSM,26-Oct-2018,21.90,23.05,21.90,23.05,5500
HSM,29-Oct-2018,22.10,23.88,22.10,23.08,42500
HSM,30-Oct-2018,23.80,24.00,23.69,23.94,17500
HSM,31-Oct-2018,24.95,24.95,24.94,24.94,1500
HSM,01-Nov-2018,25.00,25.50,23.70,24.39,10000
HSM,02-Nov-2018,24.55,24.55,24.55,24.55,1000
HSM,05-Nov-2018,23.50,24.89,23.33,24.45,13500
HSM,06-Nov-2018,23.32,23.32,23.23,23.23,7000
HSM,07-Nov-2018,23.99,23.99,23.00,23.50,3500
HSM,08-Nov-2018,22.51,23.95,22.50,23.11,15000
HSM,09-Nov-2018,22.30,23.49,22.30,23.49,1500
HSM,12-Nov-2018,22.51,22.80,22.36,22.80,3000
HSM,13-Nov-2018,22.10,22.10,22.00,22.00,3500
HSM,14-Nov-2018,22.45,22.90,22.45,22.90,2500
HSM,15-Nov-2018,22.97,23.90,22.97,23.37,20000
HSM,16-Nov-2018,23.50,23.50,23.00,23.21,27000
HSM,19-Nov-2018,23.74,23.74,23.00,23.41,4000
HSM,20-Nov-2018,23.00,23.87,23.00,23.35,17500
HSM,23-Nov-2018,23.00,23.40,22.98,22.98,40500
HSM,27-Nov-2018,22.20,22.30,22.00,22.30,13500
HSM,28-Nov-2018,21.50,22.95,21.50,22.56,8000
HSM,29-Nov-2018,22.25,22.79,22.25,22.79,2000
HSM,30-Nov-2018,22.85,23.60,22.40,22.56,58500
HSM,03-Dec-2018,21.45,22.47,21.44,21.62,8500
HSM,04-Dec-2018,21.05,22.50,20.54,22.50,55500
HSM,05-Dec-2018,22.98,23.00,22.00,22.16,18500
HSM,06-Dec-2018,22.48,22.48,22.48,22.48,1000
HSM,07-Dec-2018,21.36,22.40,21.36,21.51,2500
HSM,10-Dec-2018,22.48,22.48,21.25,21.51,10000
HSM,11-Dec-2018,22.20,22.38,21.11,21.80,4000
HSM,12-Dec-2018,22.00,22.00,22.00,22.00,2000
HSM,13-Dec-2018,21.01,21.01,21.00,21.00,1000
HSM,14-Dec-2018,21.00,21.00,21.00,21.00,5500
HSM,17-Dec-2018,20.36,21.47,20.35,21.47,1500
HSM,19-Dec-2018,21.50,21.50,21.30,21.30,4500
HSM,20-Dec-2018,20.31,21.38,20.31,21.38,3000
HSM,21-Dec-2018,21.40,21.40,21.40,21.40,1500
HSM,24-Dec-2018,21.39,21.40,21.39,21.40,3000
HSM,26-Dec-2018,21.30,21.50,21.30,21.50,11500
HSM,27-Dec-2018,21.01,21.01,21.01,21.01,5500
HSM,28-Dec-2018,20.51,20.51,19.96,19.96,5500
HSM,31-Dec-2018,19.30,19.30,19.30,19.30,1000
HSM,01-Jan-2019,20.00,20.00,20.00,20.00,500
HSM,02-Jan-2019,20.64,20.64,20.64,20.64,500
HSM,07-Jan-2019,20.64,21.67,20.10,21.11,23500
HSM,08-Jan-2019,21.11,21.11,20.06,20.25,6000
HSM,09-Jan-2019,20.70,21.26,20.70,21.25,72000
HSM,10-Jan-2019,21.89,22.31,21.89,22.31,37500
HSM,11-Jan-2019,23.20,23.20,22.42,22.98,13000
HSM,14-Jan-2019,22.75,23.97,22.40,22.40,23500
HSM,15-Jan-2019,22.40,23.00,22.00,22.00,27000
HSM,16-Jan-2019,21.50,22.00,21.50,22.00,2500
HSM,18-Jan-2019,22.00,22.00,22.00,22.00,500
HSM,21-Jan-2019,21.10,22.15,21.10,22.15,7000
HSM,22-Jan-2019,22.00,22.80,21.50,22.37,22000
HSM,23-Jan-2019,22.10,22.50,21.80,22.33,28500
HSM,24-Jan-2019,22.99,22.99,21.22,21.70,28000
HSM,25-Jan-2019,21.40,21.80,21.40,21.80,1000
HSM,29-Jan-2019,21.95,21.95,21.00,21.50,5000
HSM,30-Jan-2019,21.50,21.50,21.50,21.50,40500
HSM,31-Jan-2019,21.90,22.57,21.85,22.49,84500
HSM,01-Feb-2019,22.55,22.55,21.60,21.80,70000
HSM,04-Feb-2019,21.26,21.85,21.10,21.35,43500
HSM,06-Feb-2019,21.15,21.70,21.01,21.12,30000
HSM,07-Feb-2019,21.25,21.25,21.00,21.00,19000
HSM,08-Feb-2019,20.85,22.04,20.80,20.81,28500
HSM,11-Feb-2019,20.50,20.50,20.26,20.26,29000
HSM,12-Feb-2019,20.00,20.25,20.00,20.00,5000
HSM,13-Feb-2019,20.95,20.95,20.20,20.23,4000
HSM,14-Feb-2019,20.00,20.00,20.00,20.00,1500
HSM,15-Feb-2019,19.21,20.50,19.21,20.20,3500
HSM,18-Feb-2019,19.50,19.50,19.50,19.50,4000
HSM,19-Feb-2019,16.50,16.60,16.00,16.60,7000
HSM,20-Feb-2019,16.70,17.60,16.70,17.35,22000
HSM,21-Feb-2019,17.99,17.99,17.99,17.99,500
HSM,22-Feb-2019,17.00,17.90,16.99,17.13,4500
HSM,25-Feb-2019,17.15,17.25,17.15,17.25,3000
HSM,26-Feb-2019,17.89,18.25,17.89,18.00,95500
HSM,27-Feb-2019,17.40,17.45,17.00,17.11,23000
HSM,28-Feb-2019,17.50,18.11,17.50,18.11,10000
HSM,01-Mar-2019,19.11,19.11,18.99,19.10,227500
HSM,04-Mar-2019,19.50,19.50,18.10,18.69,61500
HSM,05-Mar-2019,18.01,18.70,17.77,17.88,16500
HSM,06-Mar-2019,17.35,17.75,17.00,17.64,8500
HSM,07-Mar-2019,18.00,18.00,16.64,16.76,34500
HSM,08-Mar-2019,16.90,16.90,16.90,16.90,500
HSM,11-Mar-2019,16.80,16.95,16.51,16.89,6500
HSM,12-Mar-2019,16.85,17.89,16.85,17.89,31000
HSM,13-Mar-2019,18.50,18.50,17.41,17.61,24500
HSM,14-Mar-2019,18.24,18.61,18.24,18.61,107500
HSM,15-Mar-2019,19.60,19.60,18.01,18.48,10000
HSM,18-Mar-2019,18.05,19.00,18.02,19.00,28500
HSM,19-Mar-2019,18.90,18.90,18.65,18.83,4500
HSM,20-Mar-2019,18.70,19.83,18.10,19.10,68500
HSM,21-Mar-2019,18.25,18.50,18.15,18.30,28000
HSM,22-Mar-2019,18.39,18.39,17.75,17.96,97500
HSM,25-Mar-2019,17.31,17.31,16.96,16.96,5500
HSM,26-Mar-2019,16.12,16.25,15.96,15.96,181500
HSM,27-Mar-2019,15.99,16.40,15.25,16.30,124500
HSM,28-Mar-2019,15.81,16.50,15.81,16.49,7500
HSM,29-Mar-2019,16.30,16.50,16.00,16.05,9500
HSM,01-Apr-2019,15.80,16.40,15.75,15.90,28500
HSM,03-Apr-2019,16.00,16.50,16.00,16.40,34000
HSM,04-Apr-2019,16.40,17.40,16.40,17.31,172000
HSM,05-Apr-2019,18.00,18.31,17.50,18.31,205500
HSM,08-Apr-2019,18.50,18.74,17.80,18.01,69500
HSM,09-Apr-2019,18.15,18.60,18.00,18.01,27500
HSM,10-Apr-2019,18.30,18.50,17.60,17.60,63500
HSM,11-Apr-2019,16.91,17.99,16.80,17.96,8000
HSM,12-Apr-2019,17.99,18.25,17.01,18.08,13500
HSM,15-Apr-2019,18.50,19.08,18.50,19.08,155000
HSM,16-Apr-2019,19.88,19.90,19.00,19.00,22000
HSM,17-Apr-2019,18.70,18.90,18.70,18.85,2000
HSM,18-Apr-2019,19.00,19.00,19.00,19.00,6000
HSM,19-Apr-2019,19.00,19.00,18.60,18.60,1500
HSM,22-Apr-2019,18.35,18.35,17.65,17.75,8000
HSM,23-Apr-2019,18.40,18.40,18.40,18.40,500
HSM,24-Apr-2019,17.45,17.75,17.40,17.40,38500
HSM,25-Apr-2019,18.25,18.38,16.51,17.84,144000
HSM,26-Apr-2019,18.45,18.45,17.75,17.86,20000
HSM,29-Apr-2019,17.75,18.50,17.75,18.00,29500
HSM,30-Apr-2019,18.39,18.40,18.00,18.03,50500
HSM,02-May-2019,18.10,18.75,18.10,18.65,38500
HSM,03-May-2019,18.11,18.70,18.04,18.07,27500
HSM,06-May-2019,18.00,18.25,18.00,18.25,34500
HSM,08-May-2019,17.51,18.00,17.50,18.00,16000
HSM,09-May-2019,18.00,18.01,17.70,17.92,26000
HSM,10-May-2019,17.50,17.80,17.00,17.80,23500
HSM,13-May-2019,16.90,17.47,16.90,17.47,7500
HSM,14-May-2019,16.70,16.70,16.60,16.60,16000
HSM,15-May-2019,16.25,17.00,16.25,17.00,3000
HSM,16-May-2019,16.50,16.90,16.25,16.90,9500
HSM,17-May-2019,16.25,16.25,15.90,15.90,22000
HSM,20-May-2019,16.20,16.20,15.75,15.98,14000
HSM,21-May-2019,16.00,16.98,16.00,16.86,57000
HSM,22-May-2019,17.85,17.86,17.80,17.86,70500
HSM,23-May-2019,17.66,18.40,16.86,17.04,117500
HSM,24-May-2019,16.51,17.00,16.50,16.82,104000
HSM,27-May-2019,16.75,17.00,16.50,17.00,20500
HSM,28-May-2019,16.31,17.30,16.00,17.26,41000
HSM,29-May-2019,17.40,17.40,16.26,16.26,44500
HSM,30-May-2019,15.26,15.60,15.26,15.33,191000
HSM,03-Jun-2019,15.15,15.15,15.11,15.11,5000
HSM,10-Jun-2019,14.25,15.10,14.25,15.10,1000
HSM,11-Jun-2019,14.11,15.30,14.11,15.30,4000
HSM,12-Jun-2019,15.30,15.30,15.30,15.30,500
HSM,13-Jun-2019,15.90,15.90,15.90,15.90,500
HSM,17-Jun-2019,15.98,16.35,15.01,15.01,3000
HSM,19-Jun-2019,14.75,15.25,14.75,15.25,2000
HSM,20-Jun-2019,14.33,15.19,14.33,15.09,2500
HSM,21-Jun-2019,15.30,15.30,15.30,15.30,500
HSM,25-Jun-2019,14.50,14.50,14.50,14.50,13500
HSM,26-Jun-2019,15.30,15.30,14.00,14.00,16500
HSM,27-Jun-2019,13.30,14.10,13.30,13.93,2000
HSM,28-Jun-2019,14.35,14.39,14.35,14.39,8000
HSM,01-Jul-2019,14.40,14.40,13.39,13.77,21000
HSM,02-Jul-2019,14.00,14.48,13.99,14.04,7000
HSM,03-Jul-2019,14.10,14.40,14.10,14.40,15000
HSM,04-Jul-2019,15.35,15.35,14.00,14.04,9000
HSM,05-Jul-2019,14.90,14.90,14.90,14.90,500
HSM,09-Jul-2019,15.39,15.39,15.39,15.39,500
HSM,12-Jul-2019,16.20,16.20,14.50,14.50,12000
HSM,15-Jul-2019,13.50,13.61,13.50,13.60,9000
HSM,16-Jul-2019,13.70,13.95,13.10,13.85,15500
HSM,17-Jul-2019,14.20,14.80,14.20,14.80,2000
HSM,18-Jul-2019,13.84,13.90,13.84,13.90,5000
HSM,19-Jul-2019,13.90,14.10,13.90,14.10,4000
HSM,22-Jul-2019,13.82,14.00,13.82,14.00,6500
HSM,23-Jul-2019,14.00,14.80,14.00,14.80,3500
HSM,24-Jul-2019,14.50,14.50,14.50,14.50,3000
HSM,25-Jul-2019,14.20,15.00,14.00,14.95,27000
HSM,26-Jul-2019,13.95,14.75,13.95,14.75,1000
HSM,29-Jul-2019,13.78,13.78,13.75,13.75,5500
HSM,30-Jul-2019,12.75,13.49,12.75,13.49,3500
HSM,01-Aug-2019,12.60,13.25,12.60,13.25,1000
HSM,08-Aug-2019,12.25,12.25,12.25,12.25,11000
HSM,21-Aug-2019,11.51,13.24,11.30,12.06,19500
HSM,22-Aug-2019,13.06,13.06,12.50,12.61,22000
HSM,26-Aug-2019,12.00,12.00,12.00,12.00,10000
HSM,27-Aug-2019,11.50,12.92,11.50,11.97,1500
HSM,29-Aug-2019,12.66,12.66,11.50,11.79,2000
HSM,30-Aug-2019,11.50,11.50,11.14,11.14,13500
HSM,03-Sep-2019,12.09,12.09,11.80,11.80,3500
HSM,11-Sep-2019,11.80,11.80,11.80,11.80,1000
HSM,12-Sep-2019,12.60,12.60,11.80,11.80,2000
HSM,17-Sep-2019,11.99,12.80,11.95,12.39,14500
HSM,18-Sep-2019,13.39,13.39,13.39,13.39,3500
HSM,19-Sep-2019,14.10,14.39,14.10,14.39,90000
HSM,20-Sep-2019,13.76,15.39,13.76,15.39,287500
HSM,23-Sep-2019,16.30,16.39,16.30,16.39,196500
HSM,24-Sep-2019,16.20,17.39,15.39,15.56,122500
HSM,25-Sep-2019,15.80,16.56,15.80,16.56,43000
HSM,26-Sep-2019,17.45,17.56,17.45,17.56,220000
HSM,27-Sep-2019,18.54,18.56,18.54,18.56,905000
HSM,30-Sep-2019,19.54,19.56,19.00,19.56,136500
HSM,01-Oct-2019,19.51,20.56,18.56,19.33,526500
HSM,02-Oct-2019,19.88,19.88,18.33,19.00,178000
HSM,03-Oct-2019,19.49,20.00,18.00,19.70,637500
HSM,04-Oct-2019,19.51,20.70,18.70,20.70,630000
HSM,07-Oct-2019,21.29,21.29,20.51,21.00,6000
HSM,08-Oct-2019,20.25,21.70,19.95,19.95,464500
HSM,09-Oct-2019,20.49,20.49,18.95,19.01,57000
HSM,10-Oct-2019,19.79,19.79,18.06,18.20,53000
HSM,11-Oct-2019,18.64,19.15,17.56,18.20,81000
HSM,14-Oct-2019,18.00,18.00,17.75,18.00,17500
HSM,15-Oct-2019,18.35,19.00,18.21,19.00,204000
HSM,16-Oct-2019,19.67,20.00,19.50,20.00,103500
HSM,17-Oct-2019,21.00,21.00,20.20,20.58,261500
HSM,18-Oct-2019,19.65,20.35,19.56,19.56,78000
HSM,21-Oct-2019,18.71,20.56,18.71,19.60,267000
HSM,22-Oct-2019,19.50,20.00,19.50,20.00,9500
HSM,23-Oct-2019,19.51,19.85,19.25,19.36,21000
HSM,24-Oct-2019,19.99,19.99,19.50,19.50,1500
HSM,25-Oct-2019,20.30,20.30,18.82,19.95,3000
HSM,28-Oct-2019,19.00,20.50,18.95,19.03,94500
HSM,29-Oct-2019,18.50,18.99,18.50,18.50,2000
HSM,30-Oct-2019,18.98,18.98,18.50,18.98,17000
HSM,31-Oct-2019,19.40,19.75,18.90,18.91,70500
HSM,05-Nov-2019,18.40,18.40,18.31,18.31,2500
HSM,06-Nov-2019,19.28,19.28,18.90,18.90,1500
HSM,07-Nov-2019,18.01,18.11,17.90,18.06,48000
HSM,11-Nov-2019,18.50,19.06,18.20,18.80,28000
HSM,12-Nov-2019,18.51,18.51,18.05,18.50,6000
HSM,13-Nov-2019,18.50,19.35,18.50,19.24,9500
HSM,14-Nov-2019,18.55,20.18,18.55,19.87,65500
HSM,15-Nov-2019,20.45,20.87,18.87,19.10,207000
HSM,18-Nov-2019,19.75,19.80,19.01,19.80,31000
HSM,19-Nov-2019,20.00,20.44,19.25,19.98,31500
HSM,20-Nov-2019,20.25,20.25,19.51,20.18,7000
HSM,21-Nov-2019,20.38,20.38,19.18,19.45,9000
HSM,22-Nov-2019,19.45,20.37,19.00,19.98,20500
HSM,25-Nov-2019,19.97,20.80,19.85,20.75,57000
HSM,26-Nov-2019,21.10,21.45,19.72,19.87,109000
HSM,27-Nov-2019,19.90,20.10,19.90,20.08,19000
HSM,28-Nov-2019,20.47,20.47,19.80,20.10,18500
HSM,29-Nov-2019,20.47,20.59,20.00,20.20,62000
HSM,02-Dec-2019,20.85,20.85,20.00,20.20,40000
HSM,03-Dec-2019,19.80,19.80,19.75,19.75,4500
HSM,04-Dec-2019,19.12,19.90,19.12,19.73,5000
HSM,05-Dec-2019,19.75,20.20,19.75,20.00,17000
HSM,06-Dec-2019,20.01,20.01,19.90,19.90,4500
HSM,09-Dec-2019,19.50,19.50,19.50,19.50,500
HSM,10-Dec-2019,19.51,19.51,18.75,18.91,9500
HSM,12-Dec-2019,18.06,18.99,18.06,18.99,1500
HSM,13-Dec-2019,18.61,19.00,18.30,18.58,23000
HSM,16-Dec-2019,18.60,19.24,18.60,19.13,18000
HSM,17-Dec-2019,18.80,19.24,18.75,19.24,7000
HSM,18-Dec-2019,19.49,19.49,18.75,18.75,2500
HSM,19-Dec-2019,18.20,18.70,18.16,18.70,8500
HSM,20-Dec-2019,17.85,18.60,17.85,18.60,2000
HSM,23-Dec-2019,17.90,17.95,17.75,17.75,3500
HSM,24-Dec-2019,17.00,18.00,17.00,18.00,3500
HSM,26-Dec-2019,17.81,17.81,17.81,17.81,1000
HSM,31-Dec-2019,18.75,18.75,18.49,18.50,1500
HSM,01-Jan-2020,18.00,18.75,18.00,18.75,3500
HSM,02-Jan-2020,19.00,19.00,19.00,19.00,500
HSM,03-Jan-2020,19.45,19.95,18.00,18.00,31500
HSM,06-Jan-2020,17.50,17.98,17.00,17.49,3000
HSM,07-Jan-2020,17.99,18.00,17.99,18.00,2500
HSM,09-Jan-2020,18.00,18.03,17.50,17.50,15500
HSM,10-Jan-2020,17.98,18.50,17.98,18.50,125000
HSM,14-Jan-2020,17.70,18.40,17.70,18.25,5000
HSM,15-Jan-2020,18.90,18.99,18.90,18.99,1000
HSM,16-Jan-2020,17.99,18.35,17.99,18.27,24500
HSM,17-Jan-2020,18.48,19.27,18.20,18.28,171500
HSM,20-Jan-2020,18.49,18.50,17.80,17.80,7000
HSM,21-Jan-2020,18.40,18.40,18.40,18.40,1000
HSM,22-Jan-2020,19.35,19.41,19.00,19.36,469500
HSM,23-Jan-2020,19.79,19.84,18.43,18.92,141000
HSM,24-Jan-2020,19.00,19.20,18.02,18.22,111500
HSM,27-Jan-2020,17.81,18.60,17.80,18.60,24000
HSM,28-Jan-2020,18.60,19.62,18.30,19.62,142000
HSM,29-Jan-2020,19.68,20.69,19.68,20.69,30500
HSM,30-Jan-2020,21.82,21.82,21.50,21.82,104500
HSM,31-Jan-2020,23.02,23.02,23.02,23.02,77000
HSM,03-Feb-2020,24.28,24.40,23.22,24.40,245000
HSM,04-Feb-2020,25.38,25.86,25.06,25.86,436000
HSM,06-Feb-2020,27.35,27.41,24.31,24.33,680500
HSM,07-Feb-2020,23.26,24.00,22.88,22.88,110000
HSM,10-Feb-2020,20.50,20.50,19.84,19.84,63500
HSM,11-Feb-2020,18.66,19.49,18.65,18.90,59000
HSM,12-Feb-2020,19.19,19.25,18.75,18.82,41500
HSM,13-Feb-2020,19.30,19.40,18.61,18.74,24000
HSM,14-Feb-2020,18.22,18.35,17.62,17.97,18500
HSM,17-Feb-2020,18.00,18.24,18.00,18.00,16500
HSM,18-Feb-2020,18.20,18.60,18.20,18.51,14000
HSM,19-Feb-2020,18.68,19.71,18.68,19.34,179000
HSM,20-Feb-2020,19.00,20.29,18.35,19.77,125000
HSM,21-Feb-2020,20.00,20.35,18.49,18.61,53500
HSM,24-Feb-2020,18.12,18.12,17.41,17.41,75000
HSM,25-Feb-2020,16.82,17.35,16.60,16.80,19500
HSM,26-Feb-2020,16.70,17.09,16.35,16.40,43000
HSM,27-Feb-2020,15.52,15.64,15.34,15.62,137500
HSM,28-Feb-2020,15.60,16.63,15.60,16.63,32500
HSM,02-Mar-2020,17.45,17.79,17.45,17.50,35500
HSM,03-Mar-2020,16.66,18.70,16.66,18.46,22500
HSM,04-Mar-2020,18.25,18.90,18.01,18.16,17500
HSM,05-Mar-2020,17.40,17.99,16.89,16.90,62500
HSM,06-Mar-2020,16.51,16.80,16.50,16.60,2000
HSM,09-Mar-2020,15.60,15.71,15.46,15.46,3500
HSM,10-Mar-2020,16.40,16.54,15.00,16.01,17500
HSM,11-Mar-2020,16.00,16.49,16.00,16.45,2500
HSM,12-Mar-2020,15.70,16.45,15.70,16.45,2000
HSM,13-Mar-2020,16.00,16.00,15.40,15.90,8000
HSM,16-Mar-2020,15.00,17.00,14.71,14.80,37500
HSM,17-Mar-2020,14.70,15.91,14.70,15.50,45500
HSM,18-Mar-2020,14.37,14.37,14.34,14.34,22500
HSM,19-Mar-2020,13.27,14.30,13.27,14.30,22000
HSM,20-Mar-2020,15.00,15.00,15.00,15.00,500
HSM,24-Mar-2020,13.88,13.88,13.88,13.88,4500
HSM,26-Mar-2020,14.00,14.50,14.00,14.48,4000
HSM,30-Mar-2020,15.45,15.45,15.00,15.00,2000
HSM,31-Mar-2020,14.99,15.25,14.96,15.00,9000
HSM,01-Apr-2020,14.02,14.50,13.88,13.91,85000
HSM,02-Apr-2020,13.30,14.28,12.96,13.97,46500
HSM,03-Apr-2020,14.00,14.30,13.50,14.21,99500
HSM,06-Apr-2020,13.80,13.80,13.55,13.62,21500
HSM,07-Apr-2020,13.50,13.50,13.20,13.20,18500
HSM,08-Apr-2020,13.35,13.95,13.30,13.81,4000
HSM,09-Apr-2020,14.00,14.74,14.00,14.49,14500
HSM,10-Apr-2020,13.81,14.20,13.80,14.10,2000
HSM,14-Apr-2020,13.50,14.15,13.50,14.01,5500
HSM,15-Apr-2020,14.00,14.02,14.00,14.00,2000
HSM,16-Apr-2020,13.90,13.90,13.90,13.90,500
HSM,17-Apr-2020,14.47,14.94,14.47,14.94,40000
HSM,20-Apr-2020,15.38,15.94,14.80,15.58,24000
HSM,21-Apr-2020,16.15,16.15,15.00,16.00,11000
HSM,23-Apr-2020,16.15,16.20,16.15,16.20,5000
HSM,24-Apr-2020,15.20,15.20,15.00,15.08,5000
HSM,27-Apr-2020,14.60,15.15,14.60,15.14,7000
HSM,28-Apr-2020,14.50,14.50,14.01,14.01,4000
HSM,29-Apr-2020,14.25,14.44,13.72,14.44,23000
HSM,30-Apr-2020,14.49,14.49,14.49,14.49,10000
HSM,04-May-2020,14.49,14.49,13.72,14.39,3500
HSM,05-May-2020,14.50,14.50,14.10,14.10,14000
HSM,06-May-2020,14.81,14.81,14.80,14.81,4000
HSM,07-May-2020,14.50,14.50,14.50,14.50,5000
HSM,08-May-2020,14.01,14.01,14.00,14.00,1000
HSM,11-May-2020,14.25,14.25,14.25,14.25,10500
HSM,12-May-2020,14.35,14.87,14.11,14.87,30500
HSM,13-May-2020,14.12,14.30,14.12,14.12,1000
HSM,14-May-2020,14.00,14.25,14.00,14.15,12500
HSM,18-May-2020,14.74,14.74,14.70,14.70,1500
HSM,19-May-2020,14.85,14.85,14.55,14.55,5500
HSM,20-May-2020,14.05,14.25,14.05,14.25,4500
HSM,21-May-2020,14.01,14.89,13.80,14.63,57500
HSM,28-May-2020,14.02,14.63,14.00,14.58,64500
HSM,29-May-2020,14.13,14.38,13.75,13.88,22500
HSM,01-Jun-2020,13.50,14.01,13.50,14.01,41000
HSM,02-Jun-2020,13.90,14.00,13.90,14.00,3000
HSM,03-Jun-2020,14.20,14.25,14.00,14.00,2000
HSM,04-Jun-2020,14.40,14.40,13.86,14.00,3000
HSM,05-Jun-2020,13.90,13.90,13.80,13.80,7000
HSM,08-Jun-2020,13.50,13.98,13.33,13.98,4000
HSM,10-Jun-2020,14.00,14.40,13.99,14.01,49000
HSM,11-Jun-2020,14.40,14.76,14.30,14.71,32500
HSM,12-Jun-2020,14.17,14.17,14.06,14.07,9000
HSM,16-Jun-2020,14.10,14.40,14.02,14.20,40000
HSM,17-Jun-2020,14.20,14.20,13.70,13.82,3500
HSM,18-Jun-2020,14.00,14.20,13.52,13.65,6500
HSM,19-Jun-2020,14.25,14.67,14.25,14.67,37500
HSM,22-Jun-2020,14.99,15.77,14.99,15.77,146000
HSM,23-Jun-2020,16.00,16.95,15.60,15.99,73000
HSM,24-Jun-2020,16.45,16.45,15.02,15.05,23000
HSM,25-Jun-2020,14.65,14.65,14.35,14.50,27500
HSM,26-Jun-2020,14.50,14.50,14.00,14.35,59000
HSM,29-Jun-2020,14.49,14.50,14.48,14.50,9500
HSM,30-Jun-2020,14.97,14.97,14.30,14.30,19500
HSM,01-Jul-2020,14.90,14.90,14.50,14.50,8000
HSM,02-Jul-2020,14.50,15.50,14.50,15.42,63000
HSM,03-Jul-2020,15.80,15.80,14.56,14.97,20000
HSM,06-Jul-2020,15.00,15.30,14.76,15.30,4000
HSM,07-Jul-2020,15.00,15.78,14.85,15.00,24000
HSM,08-Jul-2020,14.91,15.00,14.70,14.70,4000
HSM,10-Jul-2020,14.77,14.77,14.50,14.54,9500
HSM,13-Jul-2020,14.79,15.39,14.79,15.39,12000
HSM,14-Jul-2020,14.86,15.15,14.86,15.00,11000
HSM,15-Jul-2020,15.10,15.10,14.90,15.00,5000
HSM,16-Jul-2020,14.75,14.75,14.65,14.68,6500
HSM,17-Jul-2020,14.60,14.75,14.55,14.75,5000
HSM,20-Jul-2020,14.75,15.30,14.75,15.20,14000
HSM,21-Jul-2020,15.00,15.20,14.70,15.00,8500
HSM,22-Jul-2020,15.20,15.70,14.92,15.12,54500
HSM,23-Jul-2020,15.48,15.70,15.05,15.09,19500
HSM,27-Jul-2020,15.00,16.22,14.40,16.15,159000
HSM,28-Jul-2020,16.90,17.25,15.51,15.60,18500
HSM,29-Jul-2020,15.41,16.00,15.40,15.55,12500
HSM,30-Jul-2020,15.99,15.99,15.70,15.70,6500
HSM,03-Aug-2020,15.16,15.40,15.15,15.40,6500
HSM,04-Aug-2020,15.87,16.00,15.50,15.50,16500
HSM,05-Aug-2020,15.32,15.32,15.00,15.01,13500
HSM,06-Aug-2020,15.19,15.34,14.85,15.32,22000
HSM,07-Aug-2020,15.50,15.50,15.50,15.50,500
HSM,10-Aug-2020,15.25,15.25,15.25,15.25,500
HSM,11-Aug-2020,15.00,15.19,15.00,15.00,13500
HSM,12-Aug-2020,15.45,15.50,14.91,15.00,31000
HSM,13-Aug-2020,15.39,15.60,14.81,15.59,16500
HSM,17-Aug-2020,15.75,15.99,15.75,15.92,5500
HSM,18-Aug-2020,16.00,16.20,16.00,16.00,3000
HSM,19-Aug-2020,16.00,16.00,16.00,16.00,500
HSM,20-Aug-2020,16.00,16.00,15.50,15.50,7000
HSM,21-Aug-2020,15.99,15.99,15.55,15.55,6500
HSM,24-Aug-2020,15.50,15.95,15.50,15.95,6000
HSM,25-Aug-2020,16.00,16.00,15.55,15.61,10000
HSM,26-Aug-2020,15.30,16.13,15.30,15.53,28500
HSM,27-Aug-2020,16.00,16.69,15.75,16.66,169000
HSM,28-Aug-2020,17.50,17.80,16.50,17.33,86000
HSM,31-Aug-2020,17.33,17.50,17.33,17.41,1500
HSM,01-Sep-2020,17.50,18.71,17.50,18.66,101500
HSM,02-Sep-2020,19.00,19.49,18.60,19.16,17000
HSM,03-Sep-2020,20.43,20.50,18.66,19.53,58500
HSM,04-Sep-2020,19.50,19.65,18.75,18.85,19500
HSM,07-Sep-2020,18.99,20.20,18.99,19.25,22000
HSM,08-Sep-2020,19.87,20.69,18.90,19.14,61000
HSM,09-Sep-2020,19.89,19.90,19.50,19.50,11500
HSM,10-Sep-2020,19.00,19.25,18.83,18.86,53000
HSM,11-Sep-2020,19.00,20.27,18.30,19.56,34500
HSM,14-Sep-2020,20.35,20.35,19.10,19.10,3500
HSM,15-Sep-2020,19.00,19.40,18.73,18.97,4500
HSM,16-Sep-2020,19.45,19.99,18.90,19.00,26500
HSM,17-Sep-2020,19.00,19.00,17.62,19.00,51500
HSM,18-Sep-2020,19.00,19.35,19.00,19.25,13500
HSM,21-Sep-2020,19.00,19.62,19.00,19.62,15500
HSM,22-Sep-2020,19.00,19.10,18.80,19.06,12000
HSM,23-Sep-2020,18.90,19.93,18.90,19.60,132500
HSM,24-Sep-2020,19.30,20.20,19.25,19.96,35000
HSM,25-Sep-2020,19.95,20.51,19.54,19.99,36500
HSM,28-Sep-2020,19.75,19.75,19.01,19.11,10000
HSM,29-Sep-2020,19.01,19.40,18.26,19.38,5000
HSM,30-Sep-2020,18.90,18.90,18.70,18.70,2500
HSM,01-Oct-2020,18.05,18.80,18.03,18.80,2500
HSM,02-Oct-2020,18.30,18.30,17.50,17.98,7000
HSM,05-Oct-2020,18.20,18.20,16.64,16.65,59500
HSM,06-Oct-2020,17.20,17.20,17.20,17.20,500
HSM,07-Oct-2020,17.25,18.00,16.51,17.86,27000
HSM,08-Oct-2020,17.86,18.34,17.30,18.13,29000
HSM,12-Oct-2020,17.45,17.83,17.30,17.83,4000
HSM,13-Oct-2020,18.14,18.14,17.25,17.36,5000
HSM,14-Oct-2020,17.50,17.50,16.76,17.03,7000
HSM,15-Oct-2020,18.25,18.30,18.25,18.30,1000
HSM,16-Oct-2020,18.00,19.34,18.00,18.37,22000
HSM,19-Oct-2020,18.60,18.70,18.00,18.10,57000
HSM,20-Oct-2020,19.00,19.09,18.30,19.06,47500
HSM,21-Oct-2020,19.00,19.05,18.65,18.65,31000
HSM,22-Oct-2020,18.70,19.20,18.51,18.51,11500
HSM,23-Oct-2020,18.61,18.85,18.40,18.54,9500
HSM,26-Oct-2020,18.80,19.00,18.70,18.71,16500
HSM,27-Oct-2020,18.90,18.90,18.01,18.13,8000
HSM,28-Oct-2020,18.75,19.00,18.30,18.30,20500
HSM,29-Oct-2020,17.72,18.00,17.70,17.70,8500
HSM,02-Nov-2020,17.10,17.10,17.10,17.10,1000
HSM,03-Nov-2020,18.00,18.01,17.75,18.00,20500
HSM,04-Nov-2020,18.20,18.25,17.75,17.75,18500
HSM,05-Nov-2020,18.48,18.48,17.90,17.95,18000
HSM,06-Nov-2020,18.30,18.50,18.00,18.00,31500
HSM,09-Nov-2020,18.05,18.05,17.50,17.75,21000
HSM,10-Nov-2020,17.90,18.45,17.79,17.79,30000
HSM,11-Nov-2020,18.15,18.15,17.80,17.80,3500
HSM,12-Nov-2020,17.85,17.87,17.85,17.86,2500
HSM,13-Nov-2020,18.09,18.50,18.00,18.23,18000
HSM,16-Nov-2020,17.85,18.60,17.85,18.25,19500
HSM,17-Nov-2020,18.25,18.65,18.25,18.30,10500
HSM,18-Nov-2020,18.30,18.30,18.30,18.30,500
HSM,19-Nov-2020,18.49,18.50,18.40,18.40,6000
HSM,20-Nov-2020,18.90,18.90,17.99,18.01,24500
HSM,23-Nov-2020,17.71,18.20,17.70,18.20,1500
HSM,24-Nov-2020,18.05,18.05,17.95,17.95,20500
HSM,25-Nov-2020,17.71,17.88,17.60,17.69,9500
HSM,26-Nov-2020,17.40,18.10,17.40,17.91,14500
HSM,27-Nov-2020,18.00,18.00,17.90,17.90,3500
HSM,30-Nov-2020,17.75,18.22,17.75,18.22,16000
HSM,01-Dec-2020,18.59,18.59,17.90,18.00,19500
HSM,02-Dec-2020,18.47,18.64,18.35,18.40,6500
HSM,03-Dec-2020,19.48,19.48,18.50,18.56,6000
HSM,04-Dec-2020,18.50,18.50,18.30,18.30,10000
HSM,07-Dec-2020,18.30,18.50,18.01,18.08,15000
HSM,08-Dec-2020,18.20,18.20,17.72,17.78,32000
HSM,09-Dec-2020,18.25,18.25,17.20,17.24,61000
HSM,10-Dec-2020,17.50,17.50,17.03,17.13,29500
HSM,11-Dec-2020,17.00,17.30,16.82,17.01,111500
HSM,14-Dec-2020,17.60,18.28,17.00,17.99,104000
HSM,15-Dec-2020,18.48,19.33,17.51,18.14,166500
HSM,16-Dec-2020,18.39,18.75,18.20,18.37,42000
HSM,17-Dec-2020,18.90,19.74,18.55,19.65,176500
HSM,18-Dec-2020,19.79,19.80,19.40,19.40,15500
HSM,21-Dec-2020,19.20,19.20,18.05,18.17,12500
HSM,22-Dec-2020,18.25,18.45,17.50,17.70,66000
HSM,23-Dec-2020,18.22,18.22,18.00,18.02,58000
HSM,24-Dec-2020,18.00,18.75,17.90,17.97,37000
HSM,28-Dec-2020,18.25,18.30,17.90,18.15,25000
HSM,29-Dec-2020,18.00,18.00,17.50,17.65,27500
HSM,30-Dec-2020,17.95,18.25,17.80,17.80,15500
HSM,31-Dec-2020,18.25,18.49,16.47,16.49,135000
HSM,01-Jan-2021,16.48,16.48,15.76,16.11,62000
HSM,04-Jan-2021,16.01,16.01,15.80,15.90,29000
HSM,05-Jan-2021,15.63,16.00,15.62,15.85,19500
HSM,06-Jan-2021,16.00,16.50,16.00,16.49,23000
HSM,07-Jan-2021,16.65,16.69,16.21,16.24,29000
HSM,08-Jan-2021,16.69,16.69,16.30,16.45,11000
HSM,11-Jan-2021,16.20,17.25,16.20,17.07,109500
HSM,12-Jan-2021,17.20,17.64,17.00,17.18,59000
HSM,13-Jan-2021,17.02,17.89,17.00,17.62,119500
HSM,14-Jan-2021,17.75,18.94,17.75,18.94,180000
HSM,15-Jan-2021,20.19,20.19,18.26,18.33,95500
HSM,18-Jan-2021,17.81,18.69,17.75,18.03,19500
HSM,19-Jan-2021,18.00,19.29,17.75,18.30,78000
HSM,20-Jan-2021,18.29,18.55,18.00,18.00,23000
HSM,21-Jan-2021,17.80,18.69,17.80,18.00,34000
HSM,22-Jan-2021,18.40,18.40,17.50,17.80,45500
HSM,25-Jan-2021,18.00,18.40,17.50,17.56,8000
HSM,26-Jan-2021,17.56,17.75,17.00,17.44,15500
HSM,27-Jan-2021,17.50,17.94,17.40,17.40,8000
HSM,28-Jan-2021,17.00,17.10,17.00,17.10,3500
HSM,29-Jan-2021,17.50,18.38,17.50,18.38,26500
HSM,01-Feb-2021,19.75,19.75,19.75,19.75,15500
HSM,02-Feb-2021,21.23,21.23,21.23,21.23,21000
HSM,03-Feb-2021,22.82,22.82,22.25,22.82,461000
HSM,04-Feb-2021,24.00,24.34,22.40,22.41,551000
HSM,08-Feb-2021,22.98,23.50,22.00,22.00,126000
HSM,09-Feb-2021,22.90,22.90,21.51,21.51,48500
HSM,10-Feb-2021,20.82,21.10,20.16,20.44,103000
HSM,11-Feb-2021,20.26,20.50,19.50,19.50,70500
HSM,12-Feb-2021,19.50,19.69,18.75,19.55,16500
HSM,15-Feb-2021,18.91,19.98,18.91,19.50,23000
HSM,16-Feb-2021,19.50,20.50,19.50,20.41,28000
HSM,17-Feb-2021,20.50,21.85,20.50,20.50,86000
HSM,18-Feb-2021,20.48,20.48,20.00,20.00,40500
HSM,19-Feb-2021,20.02,20.02,19.60,19.77,38500
HSM,22-Feb-2021,20.15,20.40,19.65,19.65,8000
HSM,23-Feb-2021,19.65,19.70,19.65,19.70,7500
HSM,24-Feb-2021,19.60,19.70,19.12,19.12,7000
HSM,25-Feb-2021,19.20,19.20,19.00,19.15,11000
HSM,26-Feb-2021,19.99,20.58,19.00,19.79,130500
HSM,01-Mar-2021,19.31,20.20,19.20,19.92,30500
HSM,02-Mar-2021,20.52,20.52,19.55,19.60,26500
HSM,03-Mar-2021,19.60,20.30,19.60,19.81,23500
HSM,04-Mar-2021,19.30,19.30,19.20,19.20,7000
HSM,05-Mar-2021,19.20,20.64,19.20,19.92,65500
HSM,08-Mar-2021,19.95,21.38,19.71,19.71,34000
HSM,09-Mar-2021,19.52,20.50,19.01,19.01,27500
HSM,10-Mar-2021,18.95,19.20,18.95,19.00,11500
HSM,11-Mar-2021,19.00,19.50,18.90,18.90,11000
HSM,12-Mar-2021,18.99,19.80,18.99,19.12,124000
HSM,15-Mar-2021,19.10,19.75,19.00,19.75,6500
HSM,16-Mar-2021,19.89,20.58,19.89,20.39,35500
HSM,17-Mar-2021,20.50,21.91,20.45,21.91,189000
HSM,18-Mar-2021,23.23,23.55,20.34,22.08,349000
HSM,19-Mar-2021,23.10,23.34,21.65,22.86,199000
HSM,22-Mar-2021,21.89,23.20,21.89,22.83,44500
HSM,24-Mar-2021,22.00,22.95,22.00,22.50,11500
HSM,25-Mar-2021,22.00,22.40,21.90,22.08,25000
HSM,26-Mar-2021,22.00,22.15,21.15,21.75,13500
HSM,29-Mar-2021,21.13,21.49,20.52,20.61,85500
HSM,30-Mar-2021,20.25,20.35,20.25,20.25,3000
HSM,31-Mar-2021,21.00,21.76,20.25,21.76,93500
HSM,01-Apr-2021,22.80,23.39,22.00,23.08,286000
HSM,02-Apr-2021,23.69,24.58,23.16,23.55,212000
HSM,05-Apr-2021,23.01,23.25,21.79,22.13,32500
HSM,06-Apr-2021,23.00,23.45,23.00,23.45,2000
HSM,07-Apr-2021,22.20,23.95,21.70,23.55,60500
HSM,08-Apr-2021,22.80,24.29,22.80,23.01,113000
HSM,09-Apr-2021,23.35,23.45,22.50,23.00,7500
HSM,12-Apr-2021,22.80,23.00,21.30,22.85,44000
HSM,13-Apr-2021,22.50,23.00,22.50,23.00,3500
HSM,14-Apr-2021,22.01,23.00,22.01,22.60,10000
HSM,15-Apr-2021,22.01,22.51,22.00,22.20,20500
HSM,16-Apr-2021,22.00,22.79,22.00,22.25,18500
HSM,19-Apr-2021,21.17,23.89,21.17,22.30,19000
HSM,20-Apr-2021,22.50,22.50,22.30,22.30,1000
HSM,21-Apr-2021,22.45,22.55,22.00,22.00,21500
HSM,22-Apr-2021,22.35,22.65,21.00,21.52,65500
HSM,23-Apr-2021,22.01,22.01,21.50,21.50,6500
HSM,26-Apr-2021,21.05,21.25,20.03,21.25,7500
HSM,27-Apr-2021,21.49,22.00,21.05,21.60,15000
HSM,28-Apr-2021,21.60,22.00,21.35,21.92,13500
HSM,29-Apr-2021,22.00,22.66,21.75,22.00,12000
HSM,30-Apr-2021,22.00,22.00,21.50,21.92,4000
HSM,03-May-2021,21.00,21.50,20.73,21.01,28500
HSM,04-May-2021,21.50,21.50,21.25,21.28,19500
HSM,05-May-2021,22.00,22.00,21.55,21.55,5500
HSM,06-May-2021,21.90,21.90,21.90,21.90,500
HSM,17-May-2021,22.24,23.10,22.24,22.75,23500
HSM,18-May-2021,23.00,23.45,22.60,23.00,62500
HSM,19-May-2021,23.00,23.00,22.81,22.81,7500
HSM,20-May-2021,23.00,23.00,22.20,22.81,21500
HSM,21-May-2021,22.40,23.90,22.40,23.33,104000
HSM,24-May-2021,23.30,24.39,23.02,23.69,77500
HSM,25-May-2021,23.75,24.00,23.35,23.35,31500
HSM,26-May-2021,23.30,23.50,23.20,23.25,36500
HSM,27-May-2021,23.25,23.25,23.10,23.25,12500
HSM,28-May-2021,24.89,24.89,21.51,21.51,63000
HSM,31-May-2021,19.90,22.49,19.90,19.90,240000
HSM,01-Jun-2021,19.90,20.47,19.40,19.61,117500
HSM,02-Jun-2021,19.99,20.56,19.52,19.90,71500
HSM,03-Jun-2021,19.90,20.20,19.00,19.23,65500
HSM,04-Jun-2021,19.45,19.50,19.00,19.27,79000
HSM,07-Jun-2021,19.55,19.89,19.40,19.41,30500
HSM,08-Jun-2021,19.27,19.45,19.01,19.24,20500
HSM,09-Jun-2021,19.11,19.35,19.11,19.19,6500
HSM,10-Jun-2021,19.49,19.60,19.00,19.13,34500
HSM,11-Jun-2021,19.00,19.69,18.95,19.04,39500
HSM,14-Jun-2021,19.64,19.64,19.00,19.19,103000
HSM,15-Jun-2021,19.40,19.88,19.30,19.39,63500
HSM,16-Jun-2021,19.70,20.20,19.64,19.74,106500
HSM,17-Jun-2021,19.99,20.42,19.70,19.98,68000
HSM,18-Jun-2021,19.90,20.49,19.90,20.25,31500
HSM,21-Jun-2021,20.55,21.76,19.90,20.00,45500
HSM,22-Jun-2021,19.90,20.00,19.72,19.99,14000
HSM,23-Jun-2021,20.00,20.30,20.00,20.19,7000
HSM,24-Jun-2021,20.20,20.49,20.00,20.05,9000
HSM,25-Jun-2021,20.00,20.00,19.95,19.95,141500
HSM,28-Jun-2021,19.80,19.80,19.00,19.15,19500
HSM,29-Jun-2021,19.04,19.78,19.04,19.41,33000
HSM,30-Jun-2021,19.85,20.20,19.85,20.00,13000
HSM,01-Jul-2021,19.98,20.40,19.40,20.09,18500
HSM,02-Jul-2021,20.50,21.59,20.40,21.41,462000
HSM,05-Jul-2021,21.89,21.90,20.05,20.39,30500
HSM,06-Jul-2021,20.21,21.20,20.01,20.88,229500
HSM,07-Jul-2021,20.31,20.49,20.15,20.49,14000
HSM,08-Jul-2021,20.89,21.34,20.40,20.99,161500
HSM,09-Jul-2021,21.50,22.25,21.38,21.60,55000
HSM,12-Jul-2021,21.01,22.45,21.01,21.50,9500
HSM,13-Jul-2021,21.32,21.49,20.45,21.02,14000
HSM,15-Jul-2021,21.02,21.35,21.00,21.00,9000
HSM,16-Jul-2021,21.48,22.57,21.20,22.51,285500
HSM,19-Jul-2021,23.65,23.65,21.80,22.38,291500
HSM,23-Jul-2021,22.69,23.70,22.60,23.04,153000
HSM,26-Jul-2021,23.25,24.76,23.04,24.76,309500
HSM,27-Jul-2021,26.49,26.61,25.00,26.12,264000
HSM,28-Jul-2021,26.48,26.69,24.17,24.35,124000
HSM,29-Jul-2021,24.27,25.01,23.25,23.47,148000
HSM,30-Jul-2021,23.50,25.23,23.50,23.99,107000
HSM,02-Aug-2021,24.20,24.74,23.40,23.50,74500
HSM,03-Aug-2021,23.52,23.90,23.01,23.52,216500
HSM,04-Aug-2021,23.50,23.98,23.50,23.74,67500
HSM,05-Aug-2021,23.70,25.47,23.70,25.11,242500
HSM,06-Aug-2021,25.68,25.85,24.45,24.45,80500
HSM,09-Aug-2021,24.84,24.85,23.00,23.02,90000
HSM,10-Aug-2021,23.00,23.30,22.00,23.10,84500
HSM,11-Aug-2021,23.89,24.00,21.95,22.16,347500
HSM,12-Aug-2021,21.80,21.80,19.65,20.15,160500
HSM,13-Aug-2021,19.51,20.30,19.51,19.81,48000
HSM,16-Aug-2021,19.61,20.00,18.75,19.13,46000
HSM,17-Aug-2021,19.89,20.20,19.40,20.04,45000
HSM,20-Aug-2021,20.04,20.40,19.70,19.77,24500
HSM,23-Aug-2021,19.54,21.25,19.51,20.34,95000
HSM,24-Aug-2021,20.02,20.39,19.75,20.00,5500
HSM,25-Aug-2021,20.00,20.80,19.95,20.37,36500
HSM,26-Aug-2021,20.10,21.00,19.31,20.00,220500
HSM,27-Aug-2021,20.00,20.39,18.75,20.01,38000
HSM,30-Aug-2021,20.26,21.51,20.26,21.40,465500
HSM,31-Aug-2021,22.01,22.10,21.28,21.47,212500
HSM,01-Sep-2021,21.75,22.55,21.75,21.96,316500
HSM,02-Sep-2021,21.90,22.59,21.90,22.20,189000
HSM,03-Sep-2021,22.74,22.74,20.71,20.90,95500
HSM,06-Sep-2021,20.26,20.42,20.25,20.25,15500
HSM,07-Sep-2021,20.00,20.20,19.52,20.20,20500
HSM,08-Sep-2021,20.20,21.71,20.15,20.56,51000
HSM,09-Sep-2021,20.01,20.77,20.00,20.10,22000
HSM,10-Sep-2021,19.35,20.40,19.25,19.85,47000
HSM,13-Sep-2021,20.00,20.20,19.12,20.00,22000
HSM,14-Sep-2021,20.00,20.00,19.77,20.00,6000
HSM,15-Sep-2021,19.50,19.69,19.22,19.69,8500
HSM,16-Sep-2021,19.19,19.50,19.19,19.50,7500
HSM,17-Sep-2021,19.50,20.35,19.11,20.00,20500
HSM,20-Sep-2021,20.35,20.45,19.36,19.89,5000
HSM,21-Sep-2021,20.48,20.98,18.40,18.50,347000
HSM,22-Sep-2021,18.05,18.60,17.91,18.00,265000
HSM,23-Sep-2021,17.65,18.15,17.65,18.01,54500
HSM,24-Sep-2021,18.00,18.03,18.00,18.00,15000
HSM,27-Sep-2021,18.00,18.00,17.60,17.60,10500
HSM,28-Sep-2021,17.80,18.20,17.80,18.20,125500
HSM,29-Sep-2021,18.00,18.00,18.00,18.00,4500
HSM,30-Sep-2021,17.61,18.35,17.51,17.73,13500
HSM,04-Oct-2021,17.50,18.30,17.50,18.03,2000
HSM,05-Oct-2021,17.85,18.20,17.85,18.20,1500
HSM,06-Oct-2021,18.00,18.00,17.50,17.50,6000
HSM,07-Oct-2021,17.30,17.60,17.30,17.60,3000
HSM,08-Oct-2021,17.75,17.99,17.75,17.93,2000
HSM,11-Oct-2021,17.65,18.00,17.65,18.00,24500
HSM,12-Oct-2021,18.00,18.00,18.00,18.00,1000
HSM,13-Oct-2021,18.00,18.00,18.00,18.00,79000
HSM,15-Oct-2021,18.25,18.25,18.25,18.25,500
HSM,20-Oct-2021,18.00,18.32,18.00,18.24,4000
HSM,22-Oct-2021,17.71,18.24,17.70,17.70,2000
HSM,25-Oct-2021,17.50,17.50,17.11,17.70,3000
HSM,27-Oct-2021,17.51,18.00,17.50,18.00,6500
HSM,28-Oct-2021,18.19,18.20,17.76,17.99,52500
HSM,29-Oct-2021,17.52,18.00,17.52,18.00,12500
HSM,01-Nov-2021,18.10,18.95,18.10,18.51,16000
HSM,02-Nov-2021,18.35,18.35,18.35,18.35,500
HSM,03-Nov-2021,18.36,18.36,18.00,18.00,55000
HSM,04-Nov-2021,18.20,18.50,18.20,18.30,11000
HSM,05-Nov-2021,18.59,18.80,18.50,18.50,6500
HSM,08-Nov-2021,18.21,19.50,18.21,19.20,59500
HSM,09-Nov-2021,19.10,19.25,19.00,19.00,13500
HSM,10-Nov-2021,19.00,19.01,18.90,19.00,34500
HSM,12-Nov-2021,19.00,19.00,19.00,19.00,1500
HSM,15-Nov-2021,18.30,18.30,18.30,18.30,500
HSM,16-Nov-2021,18.57,18.74,18.50,18.58,3000
HSM,17-Nov-2021,18.84,19.47,18.84,19.47,8000
HSM,18-Nov-2021,18.70,18.98,18.50,18.98,2000
HSM,19-Nov-2021,19.00,19.00,18.70,18.94,5000
HSM,22-Nov-2021,18.40,19.87,18.00,19.87,9000
HSM,23-Nov-2021,18.55,18.55,18.38,18.38,4500
HSM,24-Nov-2021,18.00,18.00,17.01,17.03,63500
HSM,25-Nov-2021,17.30,18.25,17.30,17.98,7500
HSM,26-Nov-2021,17.50,17.50,17.50,17.50,500
HSM,29-Nov-2021,17.80,18.20,17.30,17.44,5500
HSM,30-Nov-2021,17.25,17.79,17.01,17.65,13500
HSM,02-Dec-2021,17.12,17.12,17.00,17.02,7500
HSM,03-Dec-2021,17.85,17.85,17.85,17.85,100000
HSM,09-Dec-2021,16.67,17.83,16.67,17.83,1000
HSM,15-Dec-2021,16.66,17.80,16.66,17.80,3000
HSM,16-Dec-2021,17.90,17.90,17.90,17.90,500
HSM,17-Dec-2021,17.90,17.90,17.90,17.90,3000
HSM,20-Dec-2021,17.50,17.88,16.60,17.50,5000
HSM,22-Dec-2021,17.35,18.00,17.35,17.97,4000
HSM,23-Dec-2021,17.50,18.00,17.50,17.91,3500
HSM,24-Dec-2021,17.75,17.95,17.52,17.86,12500
HSM,28-Dec-2021,17.50,17.50,17.05,17.50,5500
HSM,29-Dec-2021,17.49,17.49,17.01,17.45,3000
HSM,30-Dec-2021,17.00,17.00,16.63,16.64,9000
HSM,31-Dec-2021,16.50,17.44,16.00,16.43,26000
HSM,03-Jan-2022,16.22,16.94,16.20,16.69,3000
HSM,04-Jan-2022,16.90,16.90,16.90,16.90,500
HSM,05-Jan-2022,16.90,16.95,16.32,16.65,24500
HSM,06-Jan-2022,16.80,17.00,16.30,16.30,12500
HSM,10-Jan-2022,16.55,17.48,16.55,17.00,22000
HSM,11-Jan-2022,16.51,17.00,16.51,17.00,1000
HSM,12-Jan-2022,17.00,17.98,17.00,17.11,38000
HSM,13-Jan-2022,17.50,17.70,17.11,17.11,67500
HSM,14-Jan-2022,17.40,17.80,17.00,17.01,44000
HSM,17-Jan-2022,16.60,16.70,16.60,16.70,10000
HSM,18-Jan-2022,17.00,17.00,17.00,17.00,2000
HSM,19-Jan-2022,16.98,17.25,16.50,16.53,11000
HSM,21-Jan-2022,16.01,16.30,16.00,16.20,2500
HSM,27-Jan-2022,16.40,16.40,16.25,16.25,1500
HSM,28-Jan-2022,16.80,16.88,16.80,16.88,1000
HSM,31-Jan-2022,16.85,17.00,16.85,16.99,11000
HSM,02-Feb-2022,16.92,17.25,16.92,17.25,6000
HSM,04-Feb-2022,17.30,17.50,17.25,17.33,54000
HSM,07-Feb-2022,17.00,17.50,17.00,17.40,20500
HSM,08-Feb-2022,17.40,17.40,17.40,17.40,9500
HSM,09-Feb-2022,17.40,17.40,17.40,17.40,25000
HSM,16-Feb-2022,17.00,17.40,17.00,17.00,1000
HSM,17-Feb-2022,17.00,17.00,17.00,17.00,1000
HSM,18-Feb-2022,17.00,17.00,17.00,17.00,1000
HSM,21-Feb-2022,17.00,17.00,17.00,17.00,5000
HSM,22-Feb-2022,16.50,16.55,16.50,16.55,1000
HSM,23-Feb-2022,16.21,16.50,15.55,15.82,23500
HSM,24-Feb-2022,16.00,16.00,15.80,15.80,2000
HSM,25-Feb-2022,15.52,16.25,15.50,16.25,1500
HSM,01-Mar-2022,16.40,16.45,15.71,16.19,2000
HSM,07-Mar-2022,15.62,16.70,15.40,15.80,9500
HSM,08-Mar-2022,15.25,15.25,15.25,15.25,2000
HSM,14-Mar-2022,15.00,15.20,15.00,15.02,5000
HSM,15-Mar-2022,14.42,14.99,14.25,14.99,4500
HSM,18-Mar-2022,14.55,14.55,14.55,14.55,500
HSM,25-Mar-2022,14.55,14.55,14.55,14.55,2000
HSM,29-Mar-2022,14.75,14.75,14.00,14.00,87500
HSM,30-Mar-2022,14.00,14.29,13.90,13.96,19000
HSM,31-Mar-2022,14.10,14.10,13.95,13.95,2000
HSM,01-Apr-2022,14.39,14.60,14.35,14.35,27000
HSM,04-Apr-2022,14.00,14.00,14.00,14.00,1000
HSM,05-Apr-2022,14.38,14.38,14.38,14.38,500
HSM,07-Apr-2022,14.30,14.39,14.30,14.37,2500
HSM,08-Apr-2022,14.20,14.50,14.20,14.50,1500
HSM,11-Apr-2022,14.26,14.89,14.25,14.89,1500
HSM,12-Apr-2022,14.30,14.30,14.20,14.20,1500
HSM,14-Apr-2022,14.20,14.50,14.11,14.50,5500
HSM,15-Apr-2022,14.95,14.95,14.95,14.95,1000
HSM,21-Apr-2022,14.25,14.25,14.25,14.25,3500
HSM,25-Apr-2022,14.30,14.50,14.30,14.50,1000
HSM,26-Apr-2022,14.01,14.44,14.01,14.44,1000
HSM,27-Apr-2022,14.50,14.70,14.50,14.65,4500
HSM,28-Apr-2022,14.00,14.00,14.00,14.00,1500
HSM,11-May-2022,13.40,13.40,13.40,13.40,500
HSM,12-May-2022,13.00,14.38,12.40,13.50,9000
HSM,13-May-2022,14.39,14.39,13.20,14.00,2500
HSM,16-May-2022,13.20,14.00,13.00,13.25,4000
HSM,18-May-2022,13.00,13.00,13.00,13.00,1000
HSM,23-May-2022,12.90,12.90,12.65,12.70,5000
HSM,25-May-2022,13.40,13.40,12.50,12.50,3000
HSM,26-May-2022,12.55,13.40,12.55,12.72,3500
HSM,27-May-2022,13.25,13.72,13.25,13.71,8000
HSM,02-Jun-2022,13.25,13.25,13.25,13.25,1000
HSM,16-Jun-2022,12.62,14.25,12.60,13.60,6500
HSM,20-Jun-2022,13.30,13.30,13.30,13.30,500
HSM,23-Jun-2022,13.32,13.32,13.31,13.31,1000
HSM,27-Jun-2022,13.05,13.50,13.05,13.50,8500
HSM,29-Jun-2022,13.05,13.05,13.05,13.05,500
HSM,30-Jun-2022,13.07,13.07,13.05,13.05,1000
HSM,04-Jul-2022,13.00,13.05,13.00,13.00,1500
HSM,05-Jul-2022,13.00,13.00,13.00,13.00,500
HSM,14-Jul-2022,13.20,13.20,13.20,13.20,4500
HSM,19-Jul-2022,12.55,12.55,12.52,12.52,3000
HSM,21-Jul-2022,12.52,12.52,12.52,12.52,500
HSM,25-Jul-2022,13.00,13.50,13.00,13.40,8000
HSM,26-Jul-2022,13.79,14.40,13.79,14.37,77000
HSM,27-Jul-2022,14.90,15.19,14.01,14.01,43000
HSM,28-Jul-2022,13.23,13.23,13.23,13.23,2000
HSM,29-Jul-2022,12.81,12.81,12.81,12.81,1000
